رمز الشركة,اسم الشركة,السوق,السعر,التغير الشهري,أعلى سعر سنوي,أدنى سعر سنوي,القيمة السوقية,تاريخ الادراج,مكرر الربحية,مكرر الربحية المتوقع,صافي الربح,نمو صافي الربح,مكرر المبيعات,نمو المبيعات,نمو التدفقات النقدية,مكرر التدفقات النقدية,العائد على حقوق الملكية,العائد على راس المال المستثمر,توزيعات الأرباح,نسبة التوزيعات من الأرباح,نمو التوزيعات,تقييم التوزيعات,,
4130.SR, الباحة , تداول , 3.31 ,-8.06%, 6.26 , 1.50 ," 722,556,450 ",03/03/2010, 82.75 , غير متوفر ," 8,630,778 ",140%, 39.92 ,13%,-16%, 90.75 ,4%,4%,0.00%,0.00%,0.00%,NA,,
9531.SR, العبيكان للزجاج , نمو , 30.30 ,-20.26%, 67.20 , 28.50 ," 968,950,913 ",10/05/2022, 41.51 , غير متوفر ," 29,138,601 ",-62%, 2.86 ,-22%,9%, 69.87 ,5%,4%,0.00%,219.64%,-100.00%,NA,,
9616.SR, جنى , نمو , 17.90 ,-47.35%, 45.00 , 17.40 , Unavailable ,01/12/2024, غير متوفر , غير متوفر , Unavailable ,Unavailable, Unavailable ,Unavailable,Unavailable, Unavailable ,Unavailable,Unavailable,Unavailable,Unavailable,Unavailable,NA,,
9608.SR, الأشغال الميسرة , نمو , 54.80 ,-22.16%, 76.00 , 48.00 , Unavailable ,24/07/2024, غير متوفر , غير متوفر , Unavailable ,Unavailable, Unavailable ,Unavailable,Unavailable, Unavailable ,Unavailable,Unavailable,Unavailable,Unavailable,Unavailable,NA,,
9544.SR, الرعاية المستقبلية , نمو , 6.30 ,-19.54%, 18.86 , 6.17 ," 3,150,000,000 ",02/08/2022, 315.00 , غير متوفر ," 12,922,322 ",-28%, 59.54 ,5%,-92%, 286.46 ,16%,15%,0.00%,0.00%,0.00%,NA,,
8260.SR, الخليجية العامة , تداول , 8.86 ,-3.28%, 16.94 , 7.23 ," 265,800,000 ",03/03/2010, غير متوفر , غير متوفر ," (94,207,000)",-2767%, 0.64 ,10%,-218%, سالب ,-33%,0%,0.00%,حققت خسائر,0.00%,NA,,
9589.SR, فاد , نمو , 85.00 ,-15.84%, 120.00 , 67.00 ," 102,000,000 ",28/11/2023, غير متوفر , غير متوفر ," 22,632,981 ",-98%, 0.65 ,-4%,-40%, 1.90 ,84%,42%,0.00%,0.00%,15.15%,NA,,
9602.SR, يقين , نمو , 20.70 ,-19.77%, 41.00 , 19.98 , Unavailable ,26/06/2024, 14.48 , غير متوفر , Unavailable ,Unavailable, Unavailable ,Unavailable,Unavailable, Unavailable ,Unavailable,Unavailable,Unavailable,Unavailable,Unavailable,NA,,
4324.SR, بنان , تداول , 5.53 ,-11.09%, 9.05 , 5.06 , Unavailable ,01/12/2024, 32.53 , غير متوفر , Unavailable ,Unavailable, Unavailable ,Unavailable,Unavailable, Unavailable ,Unavailable,Unavailable,Unavailable,Unavailable,Unavailable,NA,,
9524.SR, آيكتك , نمو , 2.99 ,-12.06%, 5.40 , 2.90 ," 191,360,000 ",18/04/2022, 49.83 , غير متوفر ," 3,761,209 ",-59%, 3.86 ,13%,-30%, سالب ,9%,7%,0.00%,0.00%,0.00%,NA,,
6012.SR, ريدان , تداول , 18.68 ,-9.76%, 34.90 , 15.54 ," 295,302,164 ",21/11/2019, غير متوفر , غير متوفر ," (44,113,134)",-25%, 1.89 ,11%,83%, 33.68 ,-30%,-22%,0.00%,حققت خسائر,0.00%,NA,,
4230.SR, البحر الأحمر , تداول , 46.25 ,6.32%, 80.00 , 23.80 ," 1,398,341,000 ",03/03/2010, غير متوفر , غير متوفر ," 16,153,000 ",82%, 0.44 ,229%,-13%, 21.14 ,24%,17%,0.00%,0.00%,0.00%,NA,,
9609.SR, بترول ناس , نمو , 57.00 ,-16.18%, 80.00 , 35.70 , Unavailable ,28/08/2024, غير متوفر , غير متوفر , Unavailable ,Unavailable, Unavailable ,Unavailable,Unavailable, Unavailable ,Unavailable,Unavailable,Unavailable,Unavailable,Unavailable,NA,,
9607.SR, عسق , تداول , 57.00 ,-15.05%, 69.90 , 46.30 , Unavailable ,18/08/2024, غير متوفر , غير متوفر , Unavailable ,Unavailable, Unavailable ,Unavailable,Unavailable, Unavailable ,Unavailable,Unavailable,Unavailable,Unavailable,Unavailable,NA,,
9622.SR, شموع الماضي , نمو , 16.00 ,-0.25%, 24.88 , 13.70 , Unavailable ,13/01/2025, غير متوفر , غير متوفر , Unavailable ,Unavailable, Unavailable ,Unavailable,Unavailable, Unavailable ,Unavailable,Unavailable,Unavailable,Unavailable,Unavailable,NA,,
4071.SR, العربية , تداول , 118.40 ,-7.64%, 219.09 , 111.20 ," 6,512,000,000 ",20/12/2021, 23.92 , 14.00 ," 271,898,449 ",16%, 4.24 ,14%,-48%, سالب ,22%,11%,0.00%,13.24%,-70.23%,NA,,
9522.SR, الحاسوب , نمو , 52.60 ,-13.34%, 84.00 , 42.00 ," 147,280,000 ",20/12/2021, 78.51 , غير متوفر ," 1,883,176 ",-74%, 0.60 ,4%,267%, سالب ,5%,5%,0.00%,0.00%,0.00%,NA,,
9597.SR, الليف , نمو , 94.90 ,-22.21%, 137.40 , 45.20 , Unavailable ,27/06/2024, غير متوفر , غير متوفر , Unavailable ,Unavailable, Unavailable ,Unavailable,Unavailable, Unavailable ,Unavailable,Unavailable,Unavailable,Unavailable,Unavailable,NA,,
2070.SR, الدوائية , تداول , 24.60 ,-10.71%, 39.90 , 20.94 ," 2,936,133,000 ",03/03/2010, 117.14 , 15.38 ," 31,995,000 ",333%, 1.75 ,2%,-472%, سالب ,2%,2%,0.00%,8.68%,-100.00%,NA,,
6090.SR, جازادكو , تداول , 11.94 ,-6.86%, 17.14 , 9.92 ," 597,000,000 ",03/03/2010, غير متوفر , غير متوفر ," (89,163,744)",-90%, 7.39 ,8%,55%, سالب ,-19%,-7%,0.00%,حققت خسائر,4798.41%,NA,,
9572.SR, الرازي , نمو , 44.85 ,-13.92%, 70.00 , 41.10 ," 68,172,000 ",22/06/2023, 747.50 , غير متوفر ," 89,776 ",-66%, 1.46 ,17%,167%, 66.84 ,0%,0%,0.00%,599.38%,27.68%,NA,,
2370.SR, مسك , تداول , 35.25 ,-10.31%, 48.05 , 28.90 ," 1,410,000,000 ",04/03/2010, 17.80 , غير متوفر ," 79,184,225 ",515%, 1.29 ,14%,245%, 310.63 ,19%,21%,0.00%,0.00%,0.00%,NA,,
4110.SR, باتك , تداول , 2.34 ,-8.59%, 4.10 , 2.15 ," 1,404,000,000 ",04/03/2010, غير متوفر , غير متوفر ," (7,746,468)",57%, 2.84 ,12%,-58%, 23.18 ,-2%,3%,0.00%,حققت خسائر,0.00%,NA,,
2050.SR, مجموعة صافولا , تداول , 30.70 ,0.66%, 40.60 , 24.00 ," 9,102,194,985 ",03/03/2010, 2.56 , 12.45 ," 9,974,266,000 ",1009%, 0.38 ,-11%,-55%, 11.06 ,109%,7%,0.00%,0.03%,-99.37%,NA,,
2200.SR, أنابيب , تداول , 9.56 ,-13.87%, 14.60 , 8.37 ," 1,434,000,000 ",04/03/2010, 8.54 , 6.57 ," 168,180,000 ",27%, 1.26 ,6%,575%, 17.37 ,47%,34%,0.00%,0.00%,0.00%,NA,,
9514.SR, الناقول , نمو , 36.30 ,-21.43%, 60.00 , 32.20 ," 105,270,000 ",13/11/2022, 68.49 , غير متوفر ," (246,168)",-103%, 1.96 ,0%,54%, 56.32 ,0%,-2%,0.00%,حققت خسائر,0.00%,NA,,
9555.SR, لين الخير , نمو , 18.98 ,-12.13%, 27.00 , 18.00 ," 154,868,449 ",17/01/2023, 19.37 , غير متوفر ," 10,037,307 ",-48%, 0.61 ,10%,-945%, سالب ,5%,4%,0.00%,0.00%,0.00%,NA,,
6040.SR, تبوك الزراعية , تداول , 12.16 ,-6.17%, 19.98 , 10.40 ," 476,388,672 ",04/03/2010, غير متوفر , غير متوفر ," (68,510,484)",247%, 10.14 ,-21%,42%, سالب ,-22%,-16%,0.00%,حققت خسائر,-25.79%,NA,,
4080.SR, سناد القابضة , تداول , 11.78 ,-6.06%, 16.10 , 10.40 ," 1,488,861,065 ",03/03/2010, غير متوفر , غير متوفر ," (3,854,909)",97%, 0.85 ,8%,33%, سالب ,0%,2%,0.00%,حققت خسائر,-12.43%,NA,,
4193.SR, نايس ون , تداول , 39.70 ,1.53%, 69.70 , 32.00 , Unavailable ,08/01/2025, غير متوفر , غير متوفر , Unavailable ,Unavailable, Unavailable ,Unavailable,Unavailable, Unavailable ,Unavailable,Unavailable,Unavailable,Unavailable,Unavailable,NA,,
9567.SR, غذاء السلطان , نمو , 44.90 ,-8.37%, 71.00 , 40.70 ," 143,680,000 ",13/04/2023, 16.82 , غير متوفر ," 8,542,299 ",-59%, 0.83 ,14%,-16%, 7.45 ,13%,7%,0.00%,0.00%,-100.00%,NA,,
8230.SR, تكافل الراجحي , تداول , 132.00 ,-2.94%, 230.00 , 117.00 ," 13,200,000,000 ",04/03/2010, 39.64 , غير متوفر ," 332,343,000 ",1%, 2.34 ,41%,-133%, سالب ,17%,53201%,0.00%,0.00%,0.00%,NA,,
4020.SR, العقارية , تداول , 23.14 ,-5.40%, 29.95 , 18.10 ," 8,677,500,000 ",03/03/2010, 40.60 , 18.71 ," 215,001,000 ",218%, 4.28 ,13%,747%, 12.35 ,4%,5%,0.00%,0.00%,0.00%,NA,,
8311.SR, عناية , تداول , 10.32 ,0.00%, 19.40 , 8.65 ," 237,360,000 ",02/04/2012, غير متوفر , غير متوفر ," (26,762,000)",-232%, 1.01 ,-14%,-122%, سالب ,-14%,0%,0.00%,حققت خسائر,0.00%,NA,,
9538.SR, نسيج للتقنية , نمو , 53.20 ,-15.56%, 81.90 , 52.00 ," 266,000,000 ",31/05/2022, 26.60 , غير متوفر ," 15,463,420 ",-40%, 1.17 ,0%,36%, سالب ,8%,7%,0.00%,1.06%,0.00%,NA,,
8240.SR, تشب , تداول , 43.30 ,3.10%, 59.60 , 24.36 ," 1,299,000,000 ",03/03/2010, 66.62 , غير متوفر ," 16,292,477 ",-34%, 3.73 ,-10%,-63%, 89.38 ,4%,31%,0.00%,0.00%,0.00%,NA,,
4061.SR, أنعام القابضة , تداول , 17.48 ,1.04%, 31.00 , 14.08 ," 550,620,000 ",03/03/2010, غير متوفر , غير متوفر ," 7,169,314 ",139%, 12.02 ,69%,41%, سالب ,2%,8%,0.00%,0.20%,0.00%,NA,,
4262.SR, لومي , تداول , 62.60 ,-7.81%, 99.40 , 55.90 ," 3,443,000,000 ",25/09/2023, 19.09 , 10.91 ," 180,166,165 ",12%, 2.18 ,40%,72%, سالب ,16%,13%,0.00%,0.00%,0.00%,NA,,
1213.SR, نسيج , تداول , 86.20 ,2.62%, 115.40 , 64.60 ," 939,347,346 ",16/03/2010, غير متوفر , غير متوفر ," (42,594,000)",-167%, 4.77 ,-24%,20%, 27.80 ,-57%,0%,0.00%,حققت خسائر,0.00%,NA,,
4017.SR, فقيه الطبية , تداول , 45.60 ,-11.28%, 72.90 , 43.70 , Unavailable ,05/06/2024, غير متوفر , غير متوفر , Unavailable ,Unavailable, Unavailable ,Unavailable,Unavailable, Unavailable ,Unavailable,Unavailable,Unavailable,Unavailable,Unavailable,NA,,
9621.SR, دي آر سي , نمو , 60.10 ,-14.14%, 88.00 , 53.30 , Unavailable ,11/12/2024, غير متوفر , غير متوفر , Unavailable ,Unavailable, Unavailable ,Unavailable,Unavailable, Unavailable ,Unavailable,Unavailable,Unavailable,Unavailable,Unavailable,NA,,
4009.SR, السعودي الألماني الصحية , تداول , 64.70 ,-7.17%, 95.90 , 54.50 ," 5,954,988,000 ",29/03/2016, 21.14 , غير متوفر ," 281,997,230 ",57%, 2.07 ,9%,794%, 26.65 ,17%,9%,0.00%,0.00%,0.00%,NA,,
8280.SR, ليفا , تداول , 14.76 ,-3.40%, 22.10 , 12.84 ," 590,400,000 ",03/03/2010, 20.79 , غير متوفر ," 32,761,000 ",191%, 1.24 ,9%,220%, 15.78 ,8%,34%,0.00%,0.00%,0.00%,NA,,
2140.SR, أبان , تداول , 15.40 ,-9.41%, 22.44 , 13.58 ," 1,549,799,482 ",04/03/2010, غير متوفر , غير متوفر ," (164,408,943)",24%, 7.30 ,-95%,-197%, سالب ,-33%,-15%,0.00%,حققت خسائر,0.00%,NA,,
9530.SR, طبية , نمو , 32.50 ,-16.13%, 45.45 , 31.10 ," 643,175,000 ",10/03/2022, 21.67 , غير متوفر ," 59,519,890 ",86%, 0.84 ,26%,-92%," 2,734.60 ",10%,1%,0.00%,0.00%,-66.70%,NA,,
2001.SR, كيمانول , تداول , 12.72 ,-8.88%, 19.10 , 11.36 ," 857,975,066 ",03/03/2010, غير متوفر , غير متوفر ," (274,728,973)",-53%, 1.21 ,-2%,-180%, سالب ,-29%,-17%,0.00%,حققت خسائر,0.00%,NA,,
4270.SR, طباعة وتغليف , تداول , 12.80 ,24.03%, 15.78 , 8.61 ," 768,000,000 ",03/03/2010, غير متوفر , غير متوفر ," (219,413,000)",-66%, 1.06 ,-7%,-37%, 23.51 ,-50%,3%,0.00%,حققت خسائر,0.00%,NA,,
2100.SR, وفرة , تداول , 32.30 ,-3.00%, 52.00 , 27.10 ," 747,780,724 ",04/03/2010, 31.67 , غير متوفر ," 5,039,942 ",-76%, 4.63 ,0%,48%, سالب ,2%,6%,0.00%,0.00%,-100.00%,NA,,
4072.SR, مجموعة ام بي سي , تداول , 40.35 ,-15.05%, 60.50 , 36.45 ," 13,416,375,000 ",08/01/2024, 33.63 , 28.29 ," 396,715,000 ",1394%, 3.20 ,65%,131%, 24.86 ,10%,3%,0.00%,0.00%,0.00%,NA,,
9520.SR, -   , -   , 20.48 ,-8.65%, 22.90 , 8.90 ," 716,800,000 ",30/09/2021, 45.51 , غير متوفر ," 18,640,612 ",356%, 1.93 ,12%,136%, 26.65 ,26%,23%,0.00%,26.29%,0.00%,NA,,
9547.SR, رواسي , نمو , 4.48 ,-14.18%, 5.83 , 3.60 ," 246,400,000 ",21/08/2022, غير متوفر , غير متوفر ," 8,115,133 ",9%, 2.12 ,21%,-149%, سالب ,3%,8%,0.00%,0.00%,0.00%,NA,,
9623.SR, مصنع البتال , نمو , 46.00 ,-17.12%, 70.00 , 45.90 , Unavailable ,31/12/2024, غير متوفر , غير متوفر , Unavailable ,Unavailable, Unavailable ,Unavailable,Unavailable, Unavailable ,Unavailable,Unavailable,Unavailable,Unavailable,Unavailable,NA,,
4250.SR, جبل عمر , تداول , 24.78 ,-5.24%, 29.70 , 19.96 ," 29,240,969,940 ",03/03/2010, 145.76 , غير متوفر ," 200,106,000 ",434%, 15.36 ,43%,39%, سالب ,2%,3%,0.00%,0.00%,0.00%,NA,,
9560.SR, وجا , نمو , 7.38 ,-9.67%, 8.20 , 6.00 ," 516,600,000 ",29/03/2023, 20.50 , غير متوفر ," 24,947,984 ",25%, 2.71 ,36%,-14%, سالب ,25%,24%,0.00%,0.00%,0.00%,NA,,
8300.SR, الوطنية , تداول , 20.68 ,-3.63%, 34.00 , 18.14 ," 827,200,000 ",17/06/2010, 8.14 , غير متوفر ," 103,049,999 ",22%, 0.44 ,87%,-39%, 3.42 ,18%,78%,0.00%,0.00%,0.00%,NA,,
9584.SR, ريال , نمو , 24.94 ,-10.77%, 29.80 , 24.00 ," 199,520,000 ",24/10/2023, 11.65 , غير متوفر ," 20,885,161 ",-5%, 1.64 ,-36%,104%, 2.92 ,13%,8%,0.00%,0.00%,0.00%,NA,,
6016.SR, برغرايزر , تداول , 17.86 ,-4.90%, 24.98 , 14.90 ," 625,100,000 ",08/09/2021, 43.56 , غير متوفر ," 8,445,501 ",-31%, 2.09 ,7%,-43%, 37.98 ,12%,10%,0.00%,58.02%,0.00%,NA,,
9586.SR, أصول وبخيت , نمو , 37.00 ,-3.65%, 67.50 , 32.00 ," 299,700,000 ",07/11/2023, 12.25 , غير متوفر ," 24,904,009 ",149%, 18.66 ,-29%,87%, سالب ,17%,12%,0.00%,0.00%,0.00%,NA,,
4140.SR, صادرات , تداول , 2.49 ,8.73%, 3.05 , 1.98 ," 484,056,000 ",04/03/2010, غير متوفر , غير متوفر ," (17,016,767)",36%, 20.53 ,4865%,26%, سالب ,-12%,-22%,0.00%,حققت خسائر,0.00%,NA,,
6013.SR, التطويرية الغذائية , تداول , 112.20 ,-2.77%, 148.00 , 100.20 ," 336,600,000 ",01/07/2021," 2,244.00 ", غير متوفر ," 126,418 ",-42%, 3.53 ,-9%,6%, 14.89 ,0%,-1%,0.00%,119.67%,0.00%,NA,,
2220.SR, معدنية , تداول , 15.36 ,-0.26%, 19.90 , 12.52 ," 543,744,000 ",04/03/2010, غير متوفر , غير متوفر ," (27,353,415)",13%, 2.22 ,7%,69%, سالب ,-10%,0%,0.00%,حققت خسائر,0.00%,NA,,
9523.SR, جروب فايف , نمو , 32.70 ,-7.50%, 68.00 , 32.20 ," 915,600,000 ",20/12/2021, 105.48 , غير متوفر ," 8,900,608 ",138%, 1.76 ,98%,-125%, 18.45 ,3%,3%,0.00%,0.00%,0.00%,NA,,
9627.SR, طوارئيات , نمو , 21.54 ,-12.01%, 35.80 , 14.52 , Unavailable ,29/01/2025, غير متوفر , غير متوفر , Unavailable ,Unavailable, Unavailable ,Unavailable,Unavailable, Unavailable ,Unavailable,Unavailable,Unavailable,Unavailable,Unavailable,NA,,
2160.SR, أميانتيت , تداول , 23.02 ,-2.79%, 35.15 , 19.58 ," 1,020,532,124 ",04/03/2010, 2.72 , غير متوفر ," 439,836,000 ",352%, 1.20 ,18%,-191%, سالب ,48%,-7%,0.00%,0.00%,0.00%,NA,,
8190.SR, المتحدة للتأمين , تداول , 8.96 ,-0.22%, 14.00 , 7.77 ," 358,400,000 ",04/03/2010, 17.92 , غير متوفر ," (15,055,000)",-384%, 0.42 ,-4%,-164%, سالب ,-6%,0%,0.00%,حققت خسائر,0.00%,NA,,
9595.SR, وسم , نمو , 41.90 ,-5.42%, 58.80 , 34.00 ," 89,875,500 ",21/02/2024, غير متوفر , غير متوفر , Unavailable ,34%, 3.21 ,166%,0%, سالب ,21%,17%,0.00%,0.00%,0.00%,NA,,
3008.SR, الكثيري , تداول , 2.29 ,2.69%, 3.05 , 1.92 ," 517,640,760 ",04/11/2019, غير متوفر , غير متوفر ," (5,345,267)",-342%, 2.92 ,0%,14%, سالب ,-4%,2%,0.00%,حققت خسائر,0.00%,NA,,
4165.SR, الماجد للعود , تداول , 123.40 ,-2.37%, 198.80 , 103.40 , Unavailable ,07/10/2024, 19.68 , غير متوفر , Unavailable ,Unavailable, Unavailable ,Unavailable,Unavailable, Unavailable ,Unavailable,Unavailable,Unavailable,Unavailable,Unavailable,NA,,
1820.SR, باين , تداول , 2.23 ,-1.76%, 3.08 , 1.90 ," 702,450,000 ",22/12/2015, غير متوفر , 13.12 ," (49,691,000)",-10%, 1.05 ,3%,183%, 3.48 ,-23%,14%,0.00%,حققت خسائر,0.00%,NA,,
6050.SR, الأسماك , تداول , 112.40 ,12.18%, 189.29 , 83.20 ," 752,923,090 ",03/03/2010, غير متوفر , غير متوفر ," (100,576,857)",-33%, 27.79 ,7%,19%, سالب ,-90%,-62%,0.00%,حققت خسائر,0.00%,NA,,
4220.SR, إعمار , تداول , 15.74 ,9.61%, 20.64 , 12.08 ," 8,236,110,826 ",04/03/2010, غير متوفر , 28.28 ," (1,134,915,000)",-348%, 18.79 ,-59%,-24%, سالب ,-20%,-3%,0.00%,حققت خسائر,0.00%,NA,,
9613.SR, شلفا , نمو , 74.00 ,-10.74%, 108.00 , 70.00 , Unavailable ,06/11/2024, غير متوفر , غير متوفر , Unavailable ,Unavailable, Unavailable ,Unavailable,Unavailable, Unavailable ,Unavailable,Unavailable,Unavailable,Unavailable,Unavailable,NA,,
2090.SR, جيسكو , تداول , 19.96 ,-4.50%, 29.25 , 18.40 ," 632,066,693 ",03/03/2010, غير متوفر , غير متوفر ," (14,177,037)",218%, 10.36 ,-5%,-93%, سالب ,-4%,0%,0.00%,حققت خسائر,-100.00%,NA,,
4040.SR, سابتكو , تداول , 16.54 ,-4.39%, 23.88 , 14.90 ," 2,067,500,000 ",03/03/2010, غير متوفر , غير متوفر ," 8,020,000 ",73%, 1.45 ,-7%,306%, 8.74 ,1%,2%,0.00%,0.00%,0.00%,NA,,
8310.SR, أمانة للتأمين , تداول , 9.50 ,0.64%, 14.90 , 7.80 ," 408,500,000 ",17/06/2010, 52.78 , غير متوفر ," 12,027,000 ",-53%, 1.90 ,16%,561%, 22.79 ,4%,0%,0.00%,0.00%,0.00%,NA,,
9576.SR, منزل الورق , نمو , 160.00 ,6.67%, 179.25 , 131.20 ," 320,000,000 ",04/09/2023, 19.93 , غير متوفر ," 16,078,870 ",22%, 3.49 ,-1%,50%, سالب ,23%,16%,0.00%,0.00%,0.00%,NA,,
8120.SR, إتحاد الخليج الأهلية , تداول , 14.12 ,-1.94%, 25.70 , 13.00 ," 648,036,383 ",03/03/2010, 8.77 , غير متوفر ," 43,645,516 ",-65%, 0.75 ,20%,-54%, 11.36 ,7%,49%,0.00%,0.00%,0.00%,NA,,
4160.SR, ثمار , تداول , 45.30 ,11.85%, 59.00 , 12.74 ," 294,450,000 ",04/03/2010, غير متوفر , غير متوفر ," (15,312,234)",-39%," 4,089.58 ",0%,-9919%, سالب ,-59%,-64%,0.00%,حققت خسائر,0.00%,NA,,
9617.SR, أرابيكا ستار , نمو , 58.80 ,-18.45%, 88.00 , 58.80 , Unavailable ,05/12/2024, غير متوفر , غير متوفر , Unavailable ,Unavailable, Unavailable ,Unavailable,Unavailable, Unavailable ,Unavailable,Unavailable,Unavailable,Unavailable,Unavailable,NA,,
4350.SR, الإستثمار ريت , تداول , 9.64 ,52.53%, 11.80 , 5.71 , Unavailable ,04/09/2024, غير متوفر , غير متوفر , Unavailable ,Unavailable, Unavailable ,Unavailable,Unavailable, Unavailable ,Unavailable,Unavailable,Unavailable,Unavailable,Unavailable,NA,,
8200.SR, الإعادة السعودية , تداول , 41.55 ,-15.12%, 64.90 , 24.10 ," 4,812,736,500 ",03/03/2010, 7.80 , 14.38 ," 474,811,642 ",282%, 3.92 ,135%,2055%, 22.45 ,34%,21%,0.00%,0.00%,0.00%,NA,,
9540.SR, تدوير , نمو , 7.20 ,0.14%, 8.80 , 5.70 ," 807,552,000 ",31/05/2022, 34.29 , غير متوفر ," 24,694,960 ",31%, 1.38 ,56%,9%, سالب ,9%,6%,0.00%,0.00%,0.00%,NA,,
9558.SR, القمم , نمو , 91.00 ,-18.89%, 114.40 , 78.00 ," 273,000,000 ",02/02/2023, 15.96 , غير متوفر ," 22,059,600 ",36%, 7.94 ,84%,-960%, 30.82 ,18%,17%,0.00%,0.00%,-100.00%,NA,,
6010.SR, نادك , تداول , 23.10 ,-6.10%, 35.60 , 22.00 ," 6,967,884,000 ",04/03/2010, 8.99 , غير متوفر ," 774,631,968 ",156%, 2.16 ,1%,7%, 18.64 ,20%,10%,0.00%,0.05%,-6.06%,NA,,
4141.SR, العمران , تداول , 34.05 ,0.89%, 42.95 , 28.25 ," 408,600,000 ",21/07/2020, غير متوفر , غير متوفر ," (8,823,292)",-340%, 2.94 ,3%,-210%, سالب ,-6%,-2%,0.00%,حققت خسائر,-100.00%,NA,,
6017.SR, جاهز , تداول , 27.90 ,-6.06%, 40.00 , 25.85 , Unavailable ,01/12/2024, 30.33 , غير متوفر , Unavailable ,Unavailable, Unavailable ,Unavailable,Unavailable, Unavailable ,Unavailable,Unavailable,Unavailable,Unavailable,Unavailable,NA,,
9557.SR, إدارات , نمو , 532.00 ,-5.20%, 750.00 , 280.00 ," 1,339,764,860 ",26/12/2022, 54.23 , غير متوفر ," 29,103,738 ",42%, 14.69 ,30%,-18%, 193.82 ,58%,44%,0.00%,0.00%,0.00%,NA,,
9532.SR, مياه الجوف , نمو , 1.62 ,-10.00%, 2.41 , 0.89 ," 151,875,000 ",10/03/2022, 54.00 , غير متوفر ," 3,366,451 ",-29%, 2.02 ,4%,116%, 61.17 ,4%,6%,0.00%,0.00%,0.00%,NA,,
4346.SR, ميفك ريت , تداول , 4.00 ,2.04%, 4.86 , 3.62 ," 293,107,200 ",30/09/2021, 25.00 , غير متوفر ," (22,986,482)",2%, 4.54 ,135%,-25%, 19.25 ,-4%,0%,0.00%,حققت خسائر,-100.00%,NA,,
6002.SR, هرفي للأغذية , تداول , 24.80 ,18.32%, 33.65 , 18.00 ," 1,604,064,000 ",03/03/2010, غير متوفر , غير متوفر ," (116,524,061)",-1489%, 1.43 ,-4%,-4%, 13.75 ,-12%,-5%,0.00%,حققت خسائر,-100.00%,NA,,
8270.SR, بروج للتأمين , تداول , 18.64 ,2.31%, 24.42 , 15.60 ," 559,200,000 ",04/03/2010, 40.52 , 13.71 ," 9,385,999 ",-53%, 1.47 ,1%,-687%, سالب ,2%,0%,0.00%,0.00%,0.00%,NA,,
4192.SR, السيف غاليري , تداول , 7.23 ,-7.31%, 12.10 , 6.86 ," 2,530,500,000 ",29/12/2022, 65.73 , غير متوفر ," 37,539,556 ",-62%, 3.46 ,2%,313%, 15.30 ,9%,3%,0.00%,0.03%,-99.99%,NA,,
9620.SR, بلسم الطبية , نمو , 75.00 ,-6.25%, 85.00 , 66.00 , Unavailable ,11/12/2024, غير متوفر , غير متوفر , Unavailable ,Unavailable, Unavailable ,Unavailable,Unavailable, Unavailable ,Unavailable,Unavailable,Unavailable,Unavailable,Unavailable,NA,,
9579.SR, البخور الذكي , نمو , 48.00 ,-9.60%, 59.00 , 30.63 ," 112,320,000 ",02/10/2023, 16.00 , غير متوفر ," 5,276,152 ",42%, 4.46 ,9%,-38%, سالب ,17%,12%,0.00%,0.00%,0.00%,NA,,
9614.SR, نقاوة , نمو , 21.18 ,-8.31%, 25.00 , 8.25 , Unavailable ,06/11/2024, غير متوفر , غير متوفر , Unavailable ,Unavailable, Unavailable ,Unavailable,Unavailable, Unavailable ,Unavailable,Unavailable,Unavailable,Unavailable,Unavailable,NA,,
2130.SR, صدق , تداول , 29.10 ,10.65%, 32.55 , 22.64 ," 392,850,000 ",03/03/2010, غير متوفر , غير متوفر ," (72,680,530)",-95%, 3.03 ,-3%,-8%, سالب ,-85%,-26%,0.00%,حققت خسائر,0.00%,NA,,
2360.SR, الفخارية , تداول , 33.95 ,-1.16%, 50.00 , 29.70 ," 509,250,000 ",03/03/2010, غير متوفر , غير متوفر ," (129,725,618)",-573%, 9.17 ,-1%,60%, سالب ,-70%,-21%,0.00%,حققت خسائر,0.00%,NA,,
1210.SR, بي سي آي , تداول , 28.65 ,1.24%, 36.75 , 25.00 ," 787,875,000 ",04/03/2010, 92.42 , غير متوفر ," 26,386,395 ",54%, 1.04 ,2%,-88%, 72.54 ,4%,6%,0.00%,0.00%,-100.00%,NA,,
1832.SR, صدر , تداول , 3.08 ,0.98%, 4.09 , 2.78 ," 539,000,000 ",24/12/2020, غير متوفر , غير متوفر ," (11,457,542)",41%, 5.19 ,-6%,91%, سالب ,-7%,-5%,0.00%,حققت خسائر,0.00%,NA,,
8150.SR, أسيج , تداول , 15.00 ,20.00%, 21.76 , 12.26 ," 436,500,000 ",04/03/2010, 9.09 , غير متوفر ," (16,489,000)",-126%, 0.53 ,-4%,-142%, سالب ,-6%,0%,0.00%,حققت خسائر,0.00%,NA,,
9551.SR, برج المعرفة , نمو , 13.00 ,-7.14%, 21.10 , 5.46 ," 227,500,000 ",27/11/2022, 76.47 , غير متوفر ," 3,391,382 ",-37%, 15.16 ,7%,-248%, سالب ,-13%,-5%,0.00%,-201.44%,-100.00%,NA,,
9615.SR, مفيد , نمو , 64.90 ,-6.48%, 92.80 , 62.00 , Unavailable ,26/11/2024, غير متوفر , غير متوفر , Unavailable ,Unavailable, Unavailable ,Unavailable,Unavailable, Unavailable ,Unavailable,Unavailable,Unavailable,Unavailable,Unavailable,NA,,
2030.SR, المصافي , تداول , 61.30 ,-3.92%, 87.20 , 52.50 ," 919,500,000 ",03/03/2010, غير متوفر , غير متوفر ," (53,509,628)",-795%, (63.19),-314%,487%, 178.51 ,-13%,-15%,0.00%,حققت خسائر,-100.00%,NA,,
3091.SR, أسمنت الجوف , تداول , 9.94 ,-3.31%, 12.94 , 9.62 ," 1,080,478,000 ",19/09/2010, 15.29 , 18.41 ," 42,701,046 ",174%, 3.39 ,20%,-21%, سالب ,3%,4%,0.00%,0.00%,0.00%,NA,,
9406.SR, -   , -   , 10.32 ,-6.69%, 12.58 , 9.73 ," 83,210,955 ",23/08/2022, غير متوفر , غير متوفر , Unavailable ,Unavailable, -   ,Unavailable,Unavailable, -   ,0%,0%,0.00%,0.00%,Unavailable,NA,,
4240.SR, سينومي ريتيل , تداول , 12.70 ,12.19%, 16.76 , 7.50 ," 1,457,533,915 ",04/03/2010, غير متوفر , غير متوفر ," (1,166,806,272)",-1048%, 0.28 ,-13%,0%, 4.32 ,581%,-2%,0.00%,حققت خسائر,0.00%,NA,,
6060.SR, الشرقية للتنمية  , تداول , 18.74 ,-1.37%, 24.60 , 15.50 ," 562,200,000 ",04/03/2010, 50.65 , غير متوفر ," (4,166,000)",-2143%, 6.55 ,0%,40%, سالب ,-1%,0%,0.00%,حققت خسائر,0.00%,NA,,
4018.SR, الموسى , تداول , 164.20 ,9.47%, 182.80 , 126.60 , Unavailable ,07/01/2025, غير متوفر , غير متوفر , Unavailable ,Unavailable, Unavailable ,Unavailable,Unavailable, Unavailable ,Unavailable,Unavailable,Unavailable,Unavailable,Unavailable,NA,,
9618.SR, الفاخرة , نمو , 5.80 ,-4.13%, 6.65 , 5.35 , Unavailable ,28/11/2024, غير متوفر , غير متوفر , Unavailable ,Unavailable, Unavailable ,Unavailable,Unavailable, Unavailable ,Unavailable,Unavailable,Unavailable,Unavailable,Unavailable,NA,,
1020.SR, الجزيرة , تداول , 16.86 ,-1.17%, 19.30 , 14.70 ," 17,281,500,000 ",04/03/2010, 16.69 , 7.39 ," 1,230,933,000 ",21%, 2.81 ,22%,188%, 10.38 ,8%,1%,0.00%,0.30%,2963.33%,NA,,
4006.SR, أسواق المزرعة , تداول , 20.86 ,2.25%, 26.85 , 17.70 ," 938,700,000 ",24/06/2014, 40.90 , غير متوفر ," 25,430,000 ",17%, 0.51 ,1%,263%, 6.87 ,4%,0%,0.00%,0.00%,-100.00%,NA,,
4337.SR, سيكو السعودية ريت , تداول , 4.04 ,4.94%, 4.83 , 3.48 ," 231,249,600 ",23/01/2018, غير متوفر , غير متوفر ," (106,112,029)",37%, 14.08 ,-46%,6751%, 30.51 ,-35%,1%,0.00%,حققت خسائر,-100.00%,NA,,
2084.SR, مياهنا , تداول , 23.04 ,11.52%, 45.55 , 12.64 , Unavailable ,06/06/2024, غير متوفر , غير متوفر , Unavailable ,Unavailable, Unavailable ,Unavailable,Unavailable, Unavailable ,Unavailable,Unavailable,Unavailable,Unavailable,Unavailable,NA,,
2180.SR, فيبكو , تداول , 37.70 ,-1.05%, 56.10 , 32.90 ," 433,550,000 ",04/03/2010, 41.43 , غير متوفر ," 930,890 ",-92%, 1.85 ,3%,-67%, 57.12 ,1%,0%,0.00%,0.00%,0.00%,NA,,
2285.SR, المطاحن العربية , تداول , 45.55 ,-2.57%, 72.60 , 42.55 , Unavailable ,08/10/2024, 10.95 , غير متوفر , Unavailable ,Unavailable, Unavailable ,Unavailable,Unavailable, Unavailable ,Unavailable,Unavailable,Unavailable,Unavailable,Unavailable,NA,,
9553.SR, ملان , نمو , 2.91 ,-7.91%, 4.60 , 2.88 ," 77,406,000 ",25/12/2022, 3.00 , غير متوفر ," (4,122,774)",-529%, 1.23 ,6%,-49%, سالب ,-12%,-6%,0.00%,حققت خسائر,0.00%,NA,,
1201.SR, تكوين , تداول , 8.99 ,-0.99%, 15.08 , 7.65 ," 687,416,844 ",11/02/2012, غير متوفر , 56.19 ," (163,028,999)",-41%, 0.98 ,-22%,-316%, سالب ,-41%,-6%,0.00%,حققت خسائر,0.00%,NA,,
4210.SR, الأبحاث والإعلام , تداول , 167.20 ,-2.90%, 309.00 , 152.00 ," 13,376,000,000 ",03/03/2010, 66.35 , 20.37 ," 201,690,000 ",-64%, 4.10 ,-13%,107%, 211.78 ,6%,14%,0.00%,0.00%,0.00%,NA,,
9577.SR, دار المركبة , نمو , 3.49 ,17.51%, 5.00 , 1.45 ," 174,500,000 ",29/08/2023, غير متوفر , غير متوفر ," (73,939)",-103%, 2.46 ,18%,-407%, سالب ,0%,-3%,0.00%,حققت خسائر,0.00%,NA,,
9588.SR, حديد الرياض , نمو , 1.90 ,-6.40%, 3.29 , 1.66 ," 133,000,000 ",03/12/2023, 11.88 , غير متوفر ," 2,534,236 ",119%, 0.99 ,-14%,-146%, سالب ,16%,8%,0.00%,0.00%,0.00%,NA,,
9510.SR, الوطنية للبناء والتسويق , نمو , 198.00 ,23.75%, 301.00 , 145.20 ," 2,376,000,000 ",01/07/2021, 52.52 , غير متوفر ," 19,749,414 ",-21%, 4.42 ,7%,-2%, 74.57 ,6%,5%,0.00%,0.00%,0.00%,NA,,
1810.SR, سييرا , تداول , 24.18 ,0.00%, 30.00 , 20.82 ," 7,254,000,000 ",09/06/2012, غير متوفر , 18.89 ," (198,975,107)",-178%, 1.77 ,25%,109%, 69.63 ,-3%,0%,0.00%,حققت خسائر,0.00%,NA,,
9590.SR, أرماح , نمو , 88.60 ,-0.23%, 107.60 , 45.10 ," 2,911,325,120 ",30/11/2023, 180.82 , غير متوفر ," 16,054,416 ",103%, 22.80 ,507%,55%, سالب ,4%,5%,0.00%,0.00%,0.00%,NA,,
9513.SR, حديد وطني , نمو , 2.24 ,1.36%, 3.20 , 1.96 ," 406,896,000 ",01/07/2021, 74.67 , غير متوفر ," 9,867,906 ",132%, 0.74 ,50%,462%, 11.32 ,4%,5%,0.00%,0.00%,0.00%,NA,,
4310.SR, مدينة المعرفة , تداول , 14.36 ,1.13%, 17.30 , 12.36 ," 4,872,348,000 ",11/08/2010, غير متوفر , غير متوفر ," (20,956,495)",54%, 30.68 ,138%,-533%, سالب ,-1%,-1%,0.00%,حققت خسائر,0.00%,NA,,
9596.SR, كوارا , نمو , 18.48 ,-2.33%, 20.00 , 14.32 ," 554,400,000 ",07/03/2024, 12.83 , غير متوفر ," 43,246,388 ",-20%, 2.68 ,20%,-144%, سالب ,10%,5%,0.00%,0.00%,0.00%,NA,,
7201.SR, بحر العرب , تداول , 6.00 ,2.74%, 8.08 , 4.94 ," 600,000,000 ",15/04/2020, غير متوفر , غير متوفر ," (11,952,243)",6%, 12.82 ,1%,44%, 261.32 ,-10%,-10%,0.00%,حققت خسائر,0.00%,NA,,
8050.SR, سلامة , تداول , 14.90 ,-1.84%, 36.70 , 12.94 ," 447,000,000 ",04/03/2010, 12.11 , غير متوفر ," 28,485,000 ",-41%, 0.68 ,-27%,-412%, سالب ,12%,0%,0.00%,0.00%,0.00%,NA,,
9599.SR, طاقات , نمو , 9.50 ,-7.23%, 18.00 , 9.06 ," 115,781,250 ",28/03/2024, غير متوفر , غير متوفر ," (15,941,037)",-1497%, 0.71 ,-35%,24%, سالب ,-11%,-14%,0.00%,حققت خسائر,0.00%,NA,,
8100.SR, سايكو , تداول , 15.28 ,0.79%, 22.30 , 12.98 ," 458,400,000 ",03/03/2010, 9.37 , غير متوفر ," 49,318,000 ",-31%, 0.50 ,-35%,1492%, 2.86 ,14%,24%,0.00%,0.00%,0.00%,NA,,
9401.SR, -   , -   , 24.46 ,-3.32%, 33.25 , 23.00 ," 87,694,114 ",24/10/2012, غير متوفر , غير متوفر , Unavailable ,Unavailable, -   ,Unavailable,Unavailable, -   ,0%,0%,0.00%,0.00%,Unavailable,NA,,
9610.SR, الجادة الأولى , نمو , 9.00 ,-2.17%, 11.00 , 6.60 , Unavailable ,16/10/2024, غير متوفر , غير متوفر , Unavailable ,Unavailable, Unavailable ,Unavailable,Unavailable, Unavailable ,Unavailable,Unavailable,Unavailable,Unavailable,Unavailable,NA,,
1182.SR, أملاك , تداول , 12.60 ,2.77%, 14.22 , 10.08 ," 1,284,255,000 ",14/07/2020, 28.00 , غير متوفر ," 46,314,000 ",46%, 3.28 ,50%,-37%, سالب ,4%,4%,0.00%,0.00%,-100.00%,NA,,
4008.SR, ساكو , تداول , 31.70 ,-1.25%, 41.70 , 27.45 ," 1,137,788,858 ",21/12/2015, غير متوفر , غير متوفر ," (14,085,758)",80%, 1.15 ,7%,-131%, سالب ,-4%,3%,0.00%,حققت خسائر,0.00%,NA,,
9402.SR, -   , -   , 46.80 ,-0.32%, 49.55 , 43.00 ," 101,922,210 ",14/06/2016, غير متوفر , غير متوفر , Unavailable ,Unavailable, -   ,Unavailable,Unavailable, -   ,0%,0%,0.00%,0.00%,Unavailable,NA,,
9606.SR, ثروة , نمو , 49.00 ,-3.92%, 61.00 , 45.05 , Unavailable ,27/08/2024, غير متوفر , غير متوفر , Unavailable ,Unavailable, Unavailable ,Unavailable,Unavailable, Unavailable ,Unavailable,Unavailable,Unavailable,Unavailable,Unavailable,NA,,
9564.SR, آفاق الغذاء , نمو , 35.95 ,-3.10%, 57.60 , 34.00 ," 287,600,000 ",26/03/2023, 26.05 , غير متوفر ," 9,249,056 ",4%, 5.22 ,-17%,131%, 59.86 ,9%,9%,0.00%,0.00%,0.00%,NA,,
7204.SR, توبي , تداول , 12.64 ,-4.96%, 17.00 , 11.42 ," 3,792,000,000 ",27/11/2022, 23.41 , 11.49 ," 163,335,937 ",26%, 3.54 ,-5%,55%, سالب ,34%,25%,0.00%,0.00%,-100.00%,NA,,
9561.SR, نولجنت , نمو , 31.70 ,-3.94%, 37.00 , 18.96 ," 110,950,000 ",29/03/2023, غير متوفر , غير متوفر ," (2,388,194)",-270%, 1.99 ,-11%,-65%, 366.61 ,-6%,-28%,0.00%,حققت خسائر,0.00%,NA,,
8030.SR, -   , -   , 22.00 ,3.77%, 35.05 , 17.88 ," 2,310,000,000 ",04/03/2010, 14.47 , 16.88 ," 101,994,000 ",-49%, 0.63 ,4%,-208%, سالب ,10%,89%,0.00%,0.00%,0.00%,NA,,
1835.SR, تمكين , تداول , 52.80 ,0.57%, 83.50 , 46.80 , Unavailable ,27/11/2024, غير متوفر , غير متوفر , Unavailable ,Unavailable, Unavailable ,Unavailable,Unavailable, Unavailable ,Unavailable,Unavailable,Unavailable,Unavailable,Unavailable,NA,,
2081.SR, الخريف , تداول , 157.80 ,-2.95%, 194.00 , 138.60 ," 5,523,000,000 ",27/04/2021, 24.02 , 10.21 ," 230,002,218 ",64%, 2.83 ,14%,296%, 64.28 ,34%,22%,0.00%,0.00%,0.00%,NA,,
2190.SR, سيسكو القابضة , تداول , 28.90 ,-3.67%, 39.60 , 25.00 ," 2,350,595,892 ",03/03/2010, غير متوفر , 16.61 ," (666,715)",-101%, 1.79 ,-18%,124%, 45.44 ,0%,3%,0.00%,حققت خسائر,-50.03%,NA,,
9574.SR, بروميديكس , نمو , 99.80 ,0.20%, 115.00 , 78.00 ," 349,300,000 ",26/07/2023, 12.57 , غير متوفر ," 35,404,685 ",31%, 1.62 ,42%,37%, سالب ,20%,12%,0.00%,50.00%,-100.00%,NA,,
9592.SR, المجتمع الطبية , نمو , 30.45 ,3.22%, 34.00 , 28.80 ," 289,275,000 ",22/11/2023, 145.00 , غير متوفر ," 2,041,126 ",-40%, 0.70 ,11%,2766%, 14.46 ,2%,1%,0.00%,0.00%,0.00%,NA,,
2060.SR, التصنيع , تداول , 9.40 ,2.96%, 14.24 , 8.53 ," 6,287,793,480 ",04/03/2010, 62.67 , غير متوفر ," 102,754,000 ",-41%, 1.61 ,9%,-456%, 19.29 ,1%,-1%,0.00%,0.00%,0.00%,NA,,
1202.SR, مبكو , تداول , 28.25 ,-0.88%, 45.35 , 24.96 ," 2,448,333,258 ",21/12/2015, غير متوفر , 27.43 ," (77,326,129)",4%, 2.30 ,23%,-168%, سالب ,-5%,-2%,0.00%,حققت خسائر,-100.00%,NA,,
3002.SR, أسمنت نجران , تداول , 8.55 ,-2.17%, 10.08 , 7.94 ," 1,446,700,031 ",12/05/2012, 21.38 , 17.10 ," 68,430,000 ",-1%, 2.71 ,10%,204%, 35.94 ,3%,5%,0.00%,0.00%,-100.00%,NA,,
6020.SR, جاكو , تداول , 17.84 ,-0.34%, 21.46 , 15.90 ," 535,200,000 ",03/03/2010, غير متوفر , غير متوفر ," (10,340,533)",-195%, 52.80 ,-5%,-64%, 131.45 ,-4%,-1%,0.00%,حققت خسائر,-100.00%,NA,,
1211.SR, معادن , تداول , 44.45 ,-3.16%, 57.40 , 37.85 ," 163,749,650,415 ",03/03/2010, 54.21 , 18.44 ," 2,871,544,808 ",82%, 5.03 ,11%,59%, 26.06 ,6%,5%,0.00%,0.00%,0.00%,NA,,
9512.SR, -   , -   , 34.80 ,0.00%, 37.00 , 29.10 ," 4,176,000,000 ",30/06/2021, 17.85 , 18.71 ," 310,439,020 ",64%, 6.98 ,23%,73%, 16.74 ,11%,11%,0.00%,102.69%,13.20%,NA,,
9511.SR, -   , -   , 57.00 ,0.00%, 61.00 , 43.35 ," 2,137,500,000 ",01/07/2021, 24.36 , غير متوفر ," 106,604,000 ",3%, 7.57 ,57%,-56%, سالب ,18%,11%,0.00%,42.79%,-100.00%,NA,,
9533.SR, المركز الآلي , نمو , 66.20 ,0.00%, 72.90 , 48.00 ," 198,600,000 ",01/03/2022, 48.68 , غير متوفر ," 4,075,666 ",-13%, 1.73 ,20%,-113%, سالب ,9%,7%,0.00%,0.00%,0.00%,NA,,
3001.SR, -   , -   , 11.60 ,0.00%, 13.10 , 11.02 ," 1,135,640,000 ",17/01/2012, 55.24 , غير متوفر ," 21,105,096 ",50%, 8.76 ,-37%,-90%, 95.42 ,2%,2%,0.00%,317.21%,74.59%,NA,,
4010.SR, -   , -   , 27.00 ,0.00%, 29.20 , 18.20 ," 2,700,000,000 ",04/03/2010, 81.82 , غير متوفر ," 66,416,931 ",383%, 4.75 ,20%,-121%, سالب ,2%,3%,0.00%,0.70%,-18.72%,NA,,
2040.SR, الخزف السعودي , تداول , 26.40 ,-7.04%, 37.35 , 24.00 ," 2,631,552,000 ",04/03/2010, غير متوفر , 25.88 ," (71,859,000)",66%, 1.95 ,3%,181%, 29.44 ,-5%,-4%,0.00%,حققت خسائر,-100.00%,NA,,
9625.SR, إتمام , نمو , 17.82 ,-5.41%, 19.96 , 16.50 , Unavailable ,21/01/2025, غير متوفر , غير متوفر , Unavailable ,Unavailable, Unavailable ,Unavailable,Unavailable, Unavailable ,Unavailable,Unavailable,Unavailable,Unavailable,Unavailable,NA,,
9568.SR, ميار , نمو , 3.19 ,3.24%, 5.00 , 2.75 ," 382,701,429 ",11/04/2023, غير متوفر , غير متوفر ," (19,515,118)",-2867%, 1.33 ,-14%,81%, 29.47 ,-24%,2%,0.00%,حققت خسائر,0.00%,NA,,
80504.SR, -   , -   , 5.63 ,0.00%, 5.63 , 5.63 , Unavailable ,16/12/2024, غير متوفر , غير متوفر , Unavailable ,Unavailable, Unavailable ,Unavailable,Unavailable, Unavailable ,Unavailable,Unavailable,Unavailable,Unavailable,Unavailable,NA,,
8110.SR, -   , -   , 9.50 ,0.00%, 9.50 , 9.50 ," 95,000,000 ",04/03/2010, غير متوفر , غير متوفر ," (34,570,000)",78%, 9.77 ,-95%,103%, 23.92 ,38%,-1317%,0.00%,حققت خسائر,0.00%,NA,,
9593.SR, عبر الخليج , نمو , 27.00 ,0.00%, 39.00 , 23.64 ," 202,500,000 ",18/02/2024, غير متوفر , غير متوفر ," 18,936,622 ",-30%, 0.70 ,2%,3%, 4.65 ,14%,7%,0.00%,4.04%,-83.43%,NA,,
8080.SR, -   , -   , 11.50 ,0.00%, 31.80 , -   , -   ,03/03/2010, غير متوفر , غير متوفر ," (5,604,000)",82%, -   ,15%,101%, -   ,-2%,0%,0.00%,حققت خسائر,0.00%,NA,,
9626.SR, سمايل كير , نمو , 5.85 ,-5.49%, 6.95 , 5.55 , Unavailable ,03/02/2025, غير متوفر , غير متوفر , Unavailable ,Unavailable, Unavailable ,Unavailable,Unavailable, Unavailable ,Unavailable,Unavailable,Unavailable,Unavailable,Unavailable,NA,,
9400.SR, -   , -   , 49.90 ,-0.10%, 53.50 , 47.05 ," 32,435,000 ",20/10/2012, 34.22 , غير متوفر , Unavailable ,Unavailable, -   ,Unavailable,Unavailable, -   ,0%,0%,0.00%,0.00%,Unavailable,NA,,
2286.SR, المطاحن الرابعة , تداول , 3.97 ,-4.80%, 5.79 , 3.70 , Unavailable ,29/10/2024, 12.41 , غير متوفر , Unavailable ,Unavailable, Unavailable ,Unavailable,Unavailable, Unavailable ,Unavailable,Unavailable,Unavailable,Unavailable,Unavailable,NA,,
8312.SR, -   , -   , 12.80 ,0.31%, 19.18 , 11.40 ," 384,000,000 ",02/07/2012, 21.69 , غير متوفر ," 27,237,000 ",160%, 1.71 ,18%,171%, 28.01 ,5%,8%,0.00%,0.00%,0.00%,NA,,
8070.SR, الدرع العربي , تداول , 17.58 ,3.66%, 24.86 , 16.04 ," 1,122,526,300 ",04/03/2010, 17.07 , 37.21 ," 84,378,000 ",43%, 0.82 ,44%,-59%, 27.43 ,5%,0%,0.00%,0.00%,0.00%,NA,,
9587.SR, لانا , نمو , 30.00 ,-0.33%, 40.67 , 20.00 ," 162,000,000 ",06/12/2023, 45.45 , غير متوفر ," 3,220,462 ",-45%, 3.33 ,19%,302%, 113.44 ,5%,6%,0.00%,0.00%,0.00%,NA,,
3005.SR, أسمنت ام القرى , تداول , 18.20 ,-5.99%, 20.34 , 15.10 ," 1,001,000,000 ",21/12/2015, 29.35 , 10.96 ," 47,719,184 ",1108%, 3.77 ,57%,-21%, 31.69 ,6%,7%,0.00%,0.00%,0.00%,NA,,
8160.SR, التأمين العربية , تداول , 12.62 ,0.64%, 17.62 , 11.60 ," 668,860,000 ",03/03/2010, 15.39 , غير متوفر ," 30,688,926 ",-52%, 1.02 ,-24%,-134%, سالب ,5%,14%,0.00%,0.00%,0.00%,NA,,
4290.SR, الخليج للتدريب , تداول , 28.60 ,2.14%, 39.60 , 24.68 ," 1,859,000,000 ",03/03/2010, 51.07 , غير متوفر ," 20,008,145 ",-684%, 1.63 ,12%,27%, 33.31 ,4%,7%,0.00%,33.03%,97.01%,NA,,
2340.SR, ارتبيكس , تداول , 13.52 ,-4.92%, 20.50 , 11.52 ," 1,098,500,000 ",03/03/2010, غير متوفر , غير متوفر ," (23,165,000)",-29%, 2.00 ,-19%,51%, سالب ,-2%,3%,0.00%,حققت خسائر,0.00%,NA,,
8060.SR, ولاء , تداول , 18.60 ,-1.17%, 35.30 , 16.84 ," 2,372,584,938 ",03/03/2010, 14.65 , 8.46 ," 64,303,000 ",-57%, 0.79 ,2%,-85%, 39.04 ,4%,36%,0.00%,0.00%,0.00%,NA,,
2230.SR, الكيمائية , تداول , 8.52 ,-1.73%, 12.24 , 7.00 ," 7,184,064,000 ",03/03/2010, 24.34 , غير متوفر ," 291,237,000 ",59%, 1.13 ,31%,-181%, 39.19 ,15%,10%,0.00%,14.49%,-0.06%,NA,,
4170.SR, شمس , تداول , 0.86 ,7.50%, 1.11 , 0.70 ," 994,566,264 ",03/03/2010, غير متوفر , غير متوفر ," (41,970,734)",-511%, 111.31 ,-4%,214%, 59.78 ,-8%,-5%,0.00%,حققت خسائر,0.00%,NA,,
2350.SR, كيان السعودية , تداول , 5.91 ,-2.15%, 9.56 , 5.44 ," 8,865,000,000 ",04/03/2010, غير متوفر , غير متوفر ," (1,803,719,000)",16%, 1.02 ,7%,1363%, 6.25 ,-15%,-6%,0.00%,حققت خسائر,0.00%,NA,,
8020.SR, ملاذ للتامين , تداول , 14.06 ,2.63%, 22.06 , 11.58 ," 703,000,000 ",03/03/2010, 27.57 , 9.56 ," 27,480,000 ",-30%, 0.69 ,6%,325%, 2.81 ,7%,36%,0.00%,0.00%,0.00%,NA,,
9600.SR, كومل , نمو , 58.50 ,0.86%, 69.50 , 35.75 ," 409,500,000 ",09/05/2024, 17.67 , غير متوفر ," 23,384,258 ",25%, 3.41 ,18%,-50%, سالب ,23%,16%,0.00%,19.89%,-100.00%,NA,,
4070.SR, تهامة , تداول , 16.46 ,2.49%, 18.08 , 14.70 ," 658,400,000 ",04/03/2010, غير متوفر , غير متوفر ," (28,997,742)",23%, 9.58 ,-17%,-228%, سالب ,-13%,-14%,0.00%,حققت خسائر,0.00%,NA,,
9534.SR, عزم , نمو , 28.60 ,0.35%, 35.85 , 14.68 ," 1,716,000,000 ",07/03/2022, 53.96 , 40.86 ," 21,772,106 ",21%, 9.85 ,14%,-104%," 2,105.79 ",21%,12%,0.00%,0.00%,0.00%,NA,,
4144.SR, رؤوم , تداول , 80.50 ,-3.36%, 102.70 , 62.60 , Unavailable ,21/02/2022, 20.38 , غير متوفر , Unavailable ,Unavailable, Unavailable ,Unavailable,Unavailable, Unavailable ,Unavailable,Unavailable,Unavailable,Unavailable,Unavailable,NA,,
6001.SR, حلواني إخوان , تداول , 48.30 ,1.58%, 69.40 , 42.90 ," 1,707,750,007 ",04/03/2010, 38.33 , غير متوفر ," 44,667,304 ",146%, 1.76 ,9%,85%, 34.32 ,17%,14%,0.00%,0.00%,0.00%,NA,,
9612.SR, مياه سما , نمو , 3.17 ,-0.94%, 4.37 , 2.88 , Unavailable ,21/10/2024, غير متوفر , غير متوفر , Unavailable ,Unavailable, Unavailable ,Unavailable,Unavailable, Unavailable ,Unavailable,Unavailable,Unavailable,Unavailable,Unavailable,NA,,
1214.SR, شاكر , تداول , 30.10 ,2.56%, 32.60 , 23.28 ," 1,670,550,000 ",17/06/2010, 23.70 , غير متوفر ," 81,586,000 ",25%, 1.18 ,15%,726%, 10.87 ,11%,7%,0.00%,0.00%,0.00%,NA,,
9611.SR, المتحدة للزجاج المسطح , نمو , 40.00 ,8.11%, 54.00 , 29.90 , Unavailable ,18/09/2024, غير متوفر , غير متوفر , Unavailable ,Unavailable, Unavailable ,Unavailable,Unavailable, Unavailable ,Unavailable,Unavailable,Unavailable,Unavailable,Unavailable,NA,,
9526.SR, -   , -   , 37.60 ,2.73%, 37.60 , 37.60 ," 7,699,201,600 ",26/05/2022, 72.31 , 25.07 ," 173,085,554 ",113%, 4.76 ,11%,2150%, 78.51 ,12%,20%,0.00%,0.00%,0.00%,NA,,
2210.SR, نماء للكيماويات , تداول , 27.75 ,-1.77%, 31.85 , 23.54 ," 652,680,000 ",03/03/2010, غير متوفر , غير متوفر ," (82,250,000)",-512%, 1.70 ,-23%,-159%, سالب ,-37%,-20%,0.00%,حققت خسائر,0.00%,NA,,
9565.SR, معيار , نمو , 65.60 ,-7.61%, 83.00 , 59.90 ," 87,051,200 ",01/05/2023," 3,280.00 ", غير متوفر ," (224,035)",-66%, 2.49 ,-10%,-69%, سالب ,-1%,352%,0.00%,حققت خسائر,0.00%,NA,,
2330.SR, المتقدمة , تداول , 30.15 ,3.08%, 43.15 , 25.85 ," 7,793,775,000 ",15/03/2010, غير متوفر , 9.07 ," (259,179,000)",-252%, 3.55 ,-8%,30%, سالب ,-8%,1%,0.00%,حققت خسائر,-99.98%,NA,,
9541.SR, أكاديمية التعليم , نمو , 8.71 ,-1.80%, 11.70 , 6.93 ," 783,900,000 ",20/07/2022, 39.59 , غير متوفر ," 22,157,457 ",-31%, 7.43 ,37%,19%, سالب ,19%,9%,0.00%,81.24%,-57.14%,NA,,
2380.SR, بترو رابغ , تداول , 7.14 ,-9.62%, 8.92 , 6.58 ," 11,930,940,000 ",03/03/2010, غير متوفر , غير متوفر ," (4,544,513,000)",3%, 0.30 ,-12%,225%, 3.61 ,-48%,-6%,0.00%,حققت خسائر,2300.00%,NA,,
9566.SR, الصناعات الجيرية , نمو , 12.22 ,-13.33%, 14.20 , 10.00 ," 268,840,000 ",27/04/2023, 19.71 , غير متوفر ," 16,177,239 ",-38%, 1.60 ,5%,-144%, سالب ,5%,2%,0.00%,0.00%,-100.00%,NA,,
9624.SR, الشهيلي المعدنية , نمو , 77.00 ,2.26%, 94.00 , 74.00 , Unavailable ,29/01/2025, غير متوفر , غير متوفر , Unavailable ,Unavailable, Unavailable ,Unavailable,Unavailable, Unavailable ,Unavailable,Unavailable,Unavailable,Unavailable,Unavailable,NA,,
4083.SR, المتحدة الدولية القابضة , تداول , 167.80 ,-0.94%, 200.00 , 145.20 , Unavailable ,03/12/2024, غير متوفر , غير متوفر , Unavailable ,Unavailable, Unavailable ,Unavailable,Unavailable, Unavailable ,Unavailable,Unavailable,Unavailable,Unavailable,Unavailable,NA,,
9605.SR, نفط الشرق , نمو , 4.22 ,-4.09%, 6.00 , 3.70 , Unavailable ,25/06/2024, غير متوفر , غير متوفر , Unavailable ,Unavailable, Unavailable ,Unavailable,Unavailable, Unavailable ,Unavailable,Unavailable,Unavailable,Unavailable,Unavailable,NA,,
9619.SR, الأعمال المتعددة , نمو , 18.68 ,-4.21%, 20.80 , 13.40 , Unavailable ,04/12/2024, غير متوفر , غير متوفر , Unavailable ,Unavailable, Unavailable ,Unavailable,Unavailable, Unavailable ,Unavailable,Unavailable,Unavailable,Unavailable,Unavailable,NA,,
2110.SR, الكابلات السعودية , تداول , 143.60 ,20.27%, 146.60 , 55.50 ," 958,229,302 ",03/03/2010, 52.41 , غير متوفر ," 26,575,000 ",106%, 23.05 ,-58%,45%, سالب ,-6%,-8%,0.00%,0.00%,0.00%,NA,,
8313.SR, رسن , تداول , 83.80 ,6.89%, 96.20 , 37.00 ," 6,495,086,600 ",13/06/2024, غير متوفر , غير متوفر ," 94,400,712 ",106%, 18.21 ,40%,114%, 42.04 ,30%,20%,0.00%,0.00%,0.00%,NA,,
8180.SR, الصقر للتأمين , تداول , 14.42 ,-0.55%, 36.55 , 12.82 ," 432,600,000 ",03/03/2010, 11.72 , غير متوفر ," 31,858,208 ",-25%, 0.83 ,0%,873%, 20.43 ,11%,29%,0.00%,0.00%,-44.60%,NA,,
4180.SR, مجموعة فتيحي , تداول , 4.09 ,4.60%, 4.87 , 3.29 ," 1,124,750,000 ",04/03/2010, 81.80 , غير متوفر ," 14,515,000 ",179%, 16.55 ,-8%,7%," 1,448.37 ",3%,-3%,0.00%,0.00%,-100.00%,NA,,
9405.SR, -   , -   , 17.72 ,10.47%, 19.32 , 12.30 ," 125,386,649 ",23/08/2022, غير متوفر , غير متوفر , Unavailable ,Unavailable, -   ,Unavailable,Unavailable, -   ,0%,0%,0.00%,0.00%,Unavailable,NA,,
8040.SR, متكاملة , تداول , 17.30 ,15.95%, 22.46 , 13.30 ," 1,015,200,001 ",03/03/2010, 36.04 , غير متوفر ," 15,167,075 ",-59%, 1.23 ,4%,-151%, سالب ,2%,10%,0.00%,0.00%,0.00%,NA,,
2170.SR, اللجين , تداول , 37.55 ,-0.40%, 45.40 , 31.70 ," 2,598,460,000 ",03/03/2010, غير متوفر , 10.49 ," (50,703,000)",38%, 1.67 ,11%,-12%, 12.84 ,-1%,-1%,0.00%,حققت خسائر,0.00%,NA,,
9585.SR, ملكية , نمو , 45.00 ,1.35%, 47.00 , 29.00 ," 292,500,000 ",12/11/2023, 18.44 , غير متوفر ," 15,883,885 ",17%, 6.28 ,-5%,222%, 24.71 ,19%,0%,0.00%,98.89%,0.00%,NA,,
1183.SR, سهل , تداول , 20.00 ,13.90%, 20.08 , 14.52 ," 2,000,000,000 ",25/04/2022, 74.07 , غير متوفر ," 26,527,000 ",1040%, 10.09 ,20%,-32%, 22.40 ,2%,1%,0.00%,0.00%,-100.00%,NA,,
4300.SR, دار الأركان , تداول , 23.00 ,11.65%, 23.94 , 11.18 ," 24,840,000,000 ",04/03/2010, 31.51 , 17.36 ," 806,840,000 ",32%, 6.61 ,39%,-42%, 30.86 ,4%,4%,0.00%,0.00%,0.00%,NA,,
9604.SR, ميرال , نمو , 117.60 ,1.38%, 145.00 , 73.70 , Unavailable ,29/05/2024, غير متوفر , غير متوفر , Unavailable ,Unavailable, Unavailable ,Unavailable,Unavailable, Unavailable ,Unavailable,Unavailable,Unavailable,Unavailable,Unavailable,NA,,
2240.SR, الزامل للصناعة , تداول , 37.25 ,28.01%, 40.00 , 19.72 ," 2,235,000,000 ",04/03/2010, غير متوفر , 19.10 ," 26,805,000 ",109%, 0.37 ,30%,-64%, 7.99 ,5%,0%,0.00%,0.00%,0.00%,NA,,
9548.SR, ابيكو , نمو , 51.00 ,3.34%, 54.70 , 31.00 ," 255,000,000 ",09/10/2022, 20.90 , غير متوفر ," 11,819,830 ",40%, 2.06 ,1%,-271%, سالب ,9%,6%,0.00%,0.00%,0.00%,NA,,
9543.SR, نت وركرس , نمو , 69.00 ,-16.87%, 89.70 , 65.00 ," 414,000,000 ",21/08/2022, 10.30 , غير متوفر ," 49,863,040 ",21%, 0.74 ,16%,58%, 10.25 ,38%,26%,9.71%,65.65%,164.12%,5,,
2150.SR, زجاج , تداول , 46.30 ,-0.43%, 59.60 , 39.25 ," 1,523,270,000 ",03/03/2010, 15.08 , غير متوفر ," 96,778,579 ",102%, 10.97 ,-10%,49%, 23.09 ,13%,0%,4.54%,37.36%,-100.00%,5,,
1303.SR, الصناعات الكهربائية , تداول , 6.90 ,12.56%, 8.70 , 4.41 ," 7,676,250,000 ",22/12/2015, 19.17 , غير متوفر ," 401,730,726 ",100%, 3.86 ,27%,666%, 11.93 ,48%,47%,5.07%,48.93%,133.90%,5,,
3092.SR, أسمنت الرياض , تداول , 33.80 ,-6.50%, 37.30 , 22.64 ," 4,056,000,000 ",02/09/2020, 13.05 , 14.08 ," 310,439,020 ",64%, 5.14 ,23%,73%, 11.85 ,18%,21%,8.88%,67.90%,13.20%,5,,
2283.SR, المطاحن الأولى , تداول , 59.20 ,-2.63%, 86.80 , 55.20 ," 3,267,840,000 ",22/06/2023, 13.16 , غير متوفر ," 250,902,000 ",14%, 3.12 ,9%,26%, 12.98 ,28%,0%,4.80%,65.23%,-100.00%,5,,
9528.SR, جاز , نمو , 15.22 ,-5.47%, 19.90 , 9.22 ," 2,402,758,814 ",07/02/2022, 21.14 , 16.91 ," 113,955,738 ",40%, 2.20 ,51%,407%, 18.23 ,30%,23%,4.47%,62.23%,99.48%,5,,
7020.SR, إتحاد إتصالات , تداول , 61.00 ,3.92%, 64.50 , 48.65 ," 46,970,000,000 ",03/03/2010, 15.14 , 12.98 ," 3,106,848,000 ",39%, 2.58 ,9%,-2%, 12.56 ,17%,12%,5.98%,21.68%,106.87%,5,,
1080.SR, العربي , تداول , 22.54 ,2.45%, 23.51 , 18.32 ," 44,967,300,000 ",03/03/2010, 9.09 , 8.77 ," 4,965,895,000 ",22%, 3.41 ,20%,144%, 7.97 ,14%,3%,5.77%,43.54%,25.18%,5,,
2270.SR, سدافكو , تداول , 307.80 ,3.15%, 400.00 , 284.40 ," 9,849,600,000 ",03/03/2010, 20.33 , 16.98 ," 418,062,000 ",41%, 3.50 ,6%,135%, 14.53 ,25%,21%,6.82%,29.27%,-33.26%,5,,
3040.SR, أسمنت القصيم , تداول , 52.60 ,2.73%, 61.50 , 49.15 ," 5,773,410,032 ",03/03/2010, 17.65 , 21.04 ," 301,349,000 ",112%, 5.97 ,66%,1212%, 18.03 ,12%,0%,5.23%,68.05%,-100.00%,5,,
7010.SR, اس تي سي , تداول , 47.30 ,7.26%, 47.55 , 36.10 ," 235,881,126,800 ",04/03/2010, 22.10 , 15.77 ," 24,688,652,000 ",86%, 3.10 ,5%,-37%, 28.26 ,30%,11%,5.81%,39.24%,22.06%,5,,
4031.SR, الخدمات الأرضية , تداول , 48.20 ,-7.31%, 59.00 , 43.70 ," 9,061,600,000 ",21/12/2015, 27.70 , 12.33 ," 327,034,000 ",55%, 3.38 ,9%,60%, 28.43 ,13%,8%,4.15%,0.18%,0.00%,5,,
1830.SR, لجام للرياضة , تداول , 136.80 ,-12.08%, 238.00 , 129.20 ," 7,150,978,958 ",10/09/2018, 15.76 , غير متوفر ," 456,978,822 ",28%, 4.76 ,13%,-49%, 39.51 ,39%,15%,4.69%,61.79%,56.23%,5,,
6070.SR, الجوف , تداول , 47.35 ,-4.34%, 74.00 , 43.00 ," 1,420,500,000 ",03/03/2010, 16.97 , غير متوفر ," 75,300,453 ",22%, 2.44 ,37%,131%, 39.00 ,10%,11%,2.11%,48.32%,146.13%,4,,
1140.SR, البلاد , تداول , 29.05 ,-2.91%, 33.88 , 26.42 ," 43,575,000,000 ",04/03/2010, 15.45 , 10.93 ," 2,806,531,000 ",18%, 5.49 ,14%,250%, 33.84 ,17%,3%,2.58%,40.09%,123.88%,4,,
4263.SR, سال , تداول , 180.00 ,-11.68%, 328.00 , 163.60 ," 14,400,000,000 ",01/11/2023, 21.77 , 14.63 ," 661,435,000 ",30%, 8.81 ,12%,16%, 19.13 ,49%,24%,3.33%,74.63%,39.95%,4,,
1120.SR, الراجحي , تداول , 97.40 ,-1.81%, 104.00 , 75.70 ," 389,600,000,000 ",03/03/2010, 20.86 , 11.59 ," 19,721,774,000 ",25%, 9.24 ,23%,106%, 9.25 ,19%,2%,2.78%,48.68%,0.00%,4,,
1150.SR, الإنماء , تداول , 30.05 ,0.67%, 34.00 , 27.35 ," 75,125,000,000 ",03/03/2010, 13.54 , 8.19 ," 5,831,661,000 ",21%, 4.65 ,30%,-37%, 31.44 ,16%,4%,2.83%,34.10%,-26.36%,4,,
1060.SR, الأول , تداول , 35.70 ,0.14%, 41.80 , 30.80 ," 73,356,003,000 ",04/03/2010, 9.44 , 7.03 ," 8,070,461,000 ",15%, 3.69 ,16%,-121%, 55.96 ,13%,2%,5.55%,49.83%,13.85%,4,,
4347.SR, بنيان ريت , تداول , 9.41 ,1.73%, 10.06 , 8.91 ," 1,532,711,151 ",25/07/2018, 13.84 , غير متوفر ," 124,393,380 ",14%, 6.36 ,9%,15%, 13.63 ,9%,0%,7.12%,86.42%,0.01%,4,,
4150.SR, التعمير , تداول , 34.20 ,0.00%, 38.40 , 20.98 ," 6,079,999,734 ",03/03/2010, 20.48 , 18.59 ," 296,167,906 ",9%, 18.91 ,-5%,-75%, 26.60 ,12%,3%,2.19%,44.30%,48.88%,4,,
4700.SR, -   , -   , 5.97 ,-1.32%, 6.95 , 5.53 ," 94,660,911 ",23/08/2022, غير متوفر , غير متوفر , Unavailable ,Unavailable, -   ,Unavailable,Unavailable, -   ,0%,0%,8.54%,0.00%,Unavailable,4,,
4701.SR, صندوق الخبير , -   , 8.23 ,-2.95%, 9.44 , 7.59 ," 569,667,111 ",23/08/2022, غير متوفر , غير متوفر ," 108,499,209 ",436%, 9.21 ,953%,142%, 1.51 ,13%,0%,9.54%,85.23%,0.00%,4,,
4162.SR, المنجم , تداول , 83.20 ,0.24%, 128.20 , 74.50 ," 4,992,000,000 ",21/12/2021, 17.93 , 14.49 ," 278,641,809 ",-1%, 1.49 ,1%,-47%, 23.85 ,27%,21%,3.91%,69.98%,-23.53%,4,,
4342.SR, جدوى ريت السعودية , تداول , 10.34 ,3.92%, 12.88 , 9.70 ," 1,928,511,125 ",11/02/2018, 11.36 , غير متوفر ," 170,295,641 ",158%, 11.59 ,-19%,14%, 20.89 ,9%,-597%,7.74%,87.62%,0.00%,4,,
1050.SR, بي اس اف , تداول , 18.38 ,4.43%, 18.94 , 14.56 ," 45,588,458,140 ",03/03/2010, 10.69 , 7.21 ," 4,543,949,000 ",8%, 3.51 ,24%,975%, 46.33 ,11%,3%,5.25%,52.76%,8.03%,4,,
1833.SR, الموارج , تداول , 149.20 ,11.68%, 153.00 , 103.20 ," 2,238,000,000 ",19/06/2023, 25.42 , 10.89 ," 87,971,473 ",17%, 1.40 ,33%,124%, 18.13 ,24%,27%,1.68%,38.36%,87.50%,4,,
9521.SR, إنماء الروابي , نمو , 27.00 ,-3.57%, 30.00 , 17.78 ," 1,080,000,000 ",20/12/2021, 7.07 , غير متوفر ," 69,779,832 ",26%, 8.24 ,28%,767%, 26.31 ,12%,9%,1.85%,28.66%,0.00%,4,,
4007.SR, الحمادي , تداول , 40.45 ,-0.37%, 58.50 , 36.10 ," 6,472,000,000 ",15/07/2014, 19.08 , 14.50 ," 338,800,814 ",12%, 5.61 ,-2%,-15%, 25.88 ,18%,6%,3.46%,66.34%,33.28%,4,,
3010.SR, أسمنت العربية , تداول , 25.95 ,0.97%, 31.95 , 23.98 ," 2,595,000,000 ",04/03/2010, 16.22 , 17.30 ," 160,100,000 ",15%, 3.03 ,-2%,-40%, 19.35 ,6%,5%,5.78%,91.32%,-20.32%,4,,
4333.SR, تعليم ريت , تداول , 10.22 ,1.79%, 11.92 , 9.60 ," 521,220,000 ",19/07/2017, 14.60 , غير متوفر ," 45,688,971 ",9%, 7.71 ,6%,38%, 18.17 ,6%,8%,6.26%,91.63%,-3.02%,4,,
4348.SR, الخبير ريت , تداول , 5.94 ,4.21%, 6.46 , 5.54 ," 837,592,569 ",30/09/2021, 12.91 , غير متوفر ," 65,501,951 ",557%, 6.53 ,17%,-10%, 6.20 ,6%,4%,7.07%,81.47%,-37.00%,4,,
4334.SR, المعذر ريت , تداول , 9.79 ,5.72%, 10.10 , 8.47 ," 600,812,300 ",23/08/2017, 14.61 , غير متوفر ," 50,360,453 ",58%, 9.39 ,0%,3%, 20.82 ,8%,6%,10.21%,95.57%,-51.49%,4,,
3080.SR, أسمنت الشرقية , تداول , 34.00 ,-0.58%, 37.40 , 30.20 ," 2,924,000,000 ",04/03/2010, 11.81 , 13.60 ," 247,883,000 ",25%, 2.42 ,23%,213%, 20.79 ,10%,0%,4.71%,34.80%,-100.00%,5,,
4142.SR, كابلات الرياض , تداول , 123.60 ,-3.44%, 165.00 , 83.80 ," 18,540,000,000 ",22/12/2022, 22.68 , 16.07 ," 816,689,852 ",57%, 2.06 ,15%,-43%, 27.40 ,32%,24%,2.83%,55.01%,19.97%,4,,
4012.SR, الأصيل , تداول , 4.09 ,3.28%, 5.44 , 3.58 ," 1,636,000,000 ",11/11/2019, 19.48 , 25.56 ," 83,903,649 ",9%, 3.13 ,-2%,19%, 11.96 ,14%,18%,4.65%,90.58%,16.92%,4,,
2320.SR, البابطين , تداول , 44.60 ,-3.67%, 48.85 , 32.80 ," 4,153,355,644 ",04/03/2010, 12.74 , 9.27 ," 272,012,000 ",92%, 1.48 ,13%,129%, 9.03 ,27%,0%,5.61%,0.00%,-100.00%,4,,
3030.SR, أسمنت السعودية , تداول , 44.85 ,4.55%, 47.50 , 39.65 ," 6,862,050,000 ",04/03/2010, 16.25 , 14.80 ," 421,874,000 ",11%, 4.09 ,15%,9%, 13.82 ,20%,17%,5.02%,81.28%,-32.68%,4,,
4163.SR, الدواء , تداول , 79.80 ,2.05%, 98.20 , 65.80 ," 6,783,000,000 ",16/03/2022, 18.34 , غير متوفر ," 370,105,462 ",12%, 1.05 ,12%,-9%, 14.92 ,27%,13%,2.36%,57.52%,-0.01%,4,,
9559.SR, بلدي , نمو , 286.00 ,-10.63%, 408.00 , 235.00 ," 1,879,020,000 ",19/03/2023, 15.92 , غير متوفر ," 118,113,552 ",17%, 2.12 ,17%,-108%," 1,015.23 ",42%,34%,0.70%,2.78%,-25.00%,3,,
9601.SR, الرشيد , نمو , 116.00 ,-15.94%, 172.00 , 29.00 ," 1,392,000,000 ",23/05/2024, 20.17 , غير متوفر ," 68,992,148 ",81%, 5.47 ,28%,32%, 25.88 ,36%,29%,1.72%,12.78%,24.85%,3,,
2120.SR, متطورة , تداول , 27.75 ,-16.67%, 46.90 , 25.55 ," 1,637,250,000 ",04/03/2010, 5.55 , غير متوفر ," 295,064,009 ",98%, 5.77 ,90%,133%, 19.98 ,25%,0%,3.60%,20.00%,-100.00%,3,,
9525.SR, الوسائل الصناعية , نمو , 3.14 ,2.28%, 3.89 , 2.04 ," 785,000,000 ",16/03/2022, 19.63 , غير متوفر ," 40,199,530 ",4%, 1.71 ,15%,-100%, 42.57 ,11%,25%,4.78%,62.19%,-100.00%,3,,
3090.SR, أسمنت تبوك , تداول , 12.44 ,-3.27%, 14.54 , 11.10 ," 1,119,600,000 ",03/03/2010, 17.28 , 10.91 ," 65,082,597 ",-6%, 3.40 ,-11%,-42%, 10.88 ,5%,3%,6.03%,34.75%,-97.07%,3,,
4081.SR, النايفات , تداول , 12.72 ,-4.93%, 16.32 , 11.54 ," 1,526,400,000 ",08/12/2021, 11.67 , 13.41 ," 131,237,000 ",48%, 4.29 ,21%,507%, 8.99 ,9%,9%,3.93%,0.00%,0.00%,3,,
7202.SR, سلوشنز , تداول , 305.40 ,1.80%, 351.60 , 250.00 ," 36,342,473,259 ",17/10/2021, 22.95 , 17.86 ," 1,596,135,000 ",34%, 3.01 ,9%,-22%, 29.74 ,44%,45%,1.96%,44.73%,20.00%,3,,
9581.SR, كلين لايف , نمو , 107.20 ,-4.29%, 130.00 , 92.00 ," 160,800,000 ",23/10/2023, 14.01 , غير متوفر ," 9,203,789 ",25%, 2.63 ,24%,-156%, سالب ,51%,30%,7.46%,65.38%,0.00%,3,,
4001.SR, أسواق ع العثيم , تداول , 9.24 ,-0.86%, 13.00 , 9.00 ," 8,316,000,000 ",04/03/2010, 16.21 , 14.44 ," 521,586,067 ",7%, 0.78 ,5%,7%, 23.41 ,45%,9%,4.44%,103.53%,1.34%,3,,
4015.SR, جمجوم فارما , تداول , 150.20 ,-4.33%, 202.40 , 124.80 ," 10,514,000,000 ",20/06/2023, 29.51 , 17.75 ," 356,520,884 ",22%, 7.97 ,20%,-18%, 50.96 ,24%,23%,3.04%,60.87%,210.67%,3,,
1180.SR, الأهلي , تداول , 35.70 ,2.15%, 38.45 , 31.55 ," 212,226,682,500 ",12/11/2014, 10.41 , 7.08 ," 21,192,893,000 ",6%, 4.07 ,-37%,-262%, سالب ,12%,1%,7.84%,50.96%,33.75%,3,,
2290.SR, ينساب , تداول , 33.20 ,0.30%, 43.00 , 30.00 ," 18,674,998,008 ",03/03/2010, 44.27 , 18.11 ," 420,334,000 ",187%, 3.03 ,36%,2391%, 13.30 ,4%,4%,6.02%,234.33%,-22.88%,3,,
4344.SR, سدكو كابيتال ريت , تداول , 7.25 ,-3.46%, 8.78 , 7.04 ," 1,355,347,190 ",01/05/2018, 18.59 , غير متوفر ," 110,284,721 ",886%, 6.05 ,18%,86%, 8.97 ,5%,-316%,6.90%,112.84%,-19.71%,3,,
4004.SR, دلة الصحية , تداول , 125.60 ,0.32%, 170.00 , 113.20 ," 12,221,325,880 ",17/12/2012, 26.00 , 12.55 ," 471,202,060 ",31%, 3.81 ,9%,-5%, 41.08 ,14%,9%,1.59%,42.70%,37.14%,3,,
6004.SR, كاتريون , تداول , 118.00 ,1.03%, 139.40 , 103.00 ," 9,676,000,000 ",13/10/2012, 27.44 , 14.68 ," 352,770,108 ",25%, 4.21 ,8%,-97%, 480.32 ,26%,17%,2.92%,52.33%,50.44%,3,,
2010.SR, سابك , تداول , 61.20 ,-1.77%, 87.00 , 58.20 ," 183,600,000,000 ",03/03/2010, 87.43 , 17.76 ," 1,538,542,000 ",156%, 1.31 ,-1%,-56%, 28.56 ,1%,2%,5.56%,656.50%,-12.61%,3,,
4003.SR, إكسترا , تداول , 92.40 ,-0.86%, 105.00 , 83.80 ," 6,770,907,990 ",25/08/2012, 14.00 , غير متوفر ," 527,895,000 ",35%, 1.00 ,9%,65%, 31.33 ,37%,23%,10.82%,130.39%,157.22%,3,,
1321.SR, أنابيب الشرق , تداول , 133.00 ,-7.25%, 177.80 , 119.20 ," 4,189,500,000 ",17/02/2022, 8.80 , غير متوفر ," 476,094,520 ",168%, 1.94 ,7%,-61%, 4.94 ,50%,40%,2.26%,0.00%,0.00%,3,,
4321.SR, سينومي سنترز , تداول , 20.00 ,-1.96%, 25.75 , 19.22 ," 9,498,847,080 ",22/05/2019, 7.81 , 6.37 ," 1,331,741,869 ",37%, 5.54 ,0%,-30%, سالب ,7%,3%,5.63%,34.08%,124.10%,3,,
2284.SR, المطاحن الحديثة , تداول , 38.30 ,-1.92%, 57.60 , 34.00 ," 3,102,823,944 ",27/03/2024, 14.90 , غير متوفر ," 208,670,276 ",3%, 3.10 ,7%,-6%, 18.38 ,84%,22%,5.22%,77.65%,15.73%,3,,
4191.SR, أبو معطي , تداول , 39.35 ,4.93%, 43.95 , 25.30 ," 787,000,000 ",11/11/2019, 31.73 , 37.48 ," 24,592,623 ",59%, 2.90 ,-14%,-104%, 70.03 ,10%,7%,2.54%,40.66%,200.00%,3,,
4051.SR, باعظيم , تداول , 6.24 ,0.65%, 7.18 , 5.40 ," 631,800,000 ",04/12/2019, 29.71 , غير متوفر ," 23,305,570 ",8%, 2.40 ,2%,-30%, 35.70 ,12%,10%,3.06%,78.20%,0.00%,3,,
4339.SR, دراية ريت , تداول , 5.75 ,2.13%, 7.07 , 5.04 ," 618,165,446 ",26/03/2018, 11.27 , 2.73 ," 54,550,622 ",-15%, 5.63 ,7%,-80%, 23.09 ,6%,5%,4.78%,36.54%,-49.73%,3,,
9404.SR, -   , -   , 10.51 ,0.48%, 10.70 , 10.42 ," 98,110,839 ",23/08/2022, غير متوفر , غير متوفر , Unavailable ,Unavailable, -   ,Unavailable,Unavailable, -   ,0%,0%,3.17%,0.00%,Unavailable,3,,
9583.SR, المتحدة للتعدين , نمو , 40.00 ,3.09%, 44.35 , 23.00 ," 560,000,000 ",22/10/2023, 19.05 , غير متوفر ," 29,332,178 ",12%, 3.05 ,-1%,127%, 19.43 ,11%,12%,3.63%,92.93%,322.22%,3,,
9403.SR, -   , -   , 8.29 ,0.36%, 8.36 , 7.94 ," 101,875,536 ",08/02/2022, غير متوفر , غير متوفر , Unavailable ,Unavailable, -   ,Unavailable,Unavailable, -   ,0%,0%,3.64%,0.00%,Unavailable,3,,
1304.SR, اليمامة للحديد , تداول , 32.20 ,0.00%, 43.50 , 28.10 ," 1,635,760,000 ",22/05/2016, 35.78 , 13.70 ," 45,844,012 ",154%, 0.90 ,25%,12447%, 21.69 ,8%,10%,1.55%,0.00%,0.00%,3,,
9519.SR, -   , -   , 8.25 ,1.85%, 8.25 , 8.25 ," 1,649,736,000 ",12/09/2021, 48.53 , غير متوفر ," 21,373,117 ",2%, 30.67 ,11%,-13%, 28.79 ,6%,5%,0.42%,52.58%,-66.67%,3,,
7203.SR, علم , تداول ," 1,020.00 ",7.85%," 1,289.00 ", 800.20 ," 79,264,259,160 ",01/03/2022, 44.74 , غير متوفر ," 1,826,629,969 ",35%, 10.70 ,26%,3%, 55.43 ,39%,35%,0.74%,31.90%,24.98%,3,,
1030.SR, الإستثمار , تداول , 15.16 ,7.67%, 15.58 , 12.04 ," 18,909,068,000 ",03/03/2010, 10.60 , 6.04 ," 1,956,630,000 ",11%, 3.08 ,16%,-56%, سالب ,12%,2%,7.65%,45.97%,5.88%,3,,
4200.SR, الدريس , تداول , 134.00 ,0.30%, 154.40 , 99.80 ," 13,400,000,000 ",04/03/2010, 39.64 , غير متوفر ," 337,999,788 ",20%, 0.69 ,30%,111%, 13.70 ,25%,9%,1.68%,22.19%,-50.00%,3,,
9529.SR, -   , -   , 193.00 ,3.10%, 205.40 , 116.60 ," 1,206,250,000 ",21/02/2022, 24.46 , غير متوفر ," 49,425,112 ",52%, 9.92 ,4%,-28%, 56.27 ,32%,13%,1.17%,30.03%,-8.33%,3,,
9300.SR, الواحة ريت , نمو , 11.52 ,4.54%, 14.00 , 11.00 ," 172,800,000 ",06/12/2022, غير متوفر , غير متوفر ," 12,653,970 ",0%, 9.27 ,0%,0%, 1.06 ,8%,0%,6.08%,98.39%,0.00%,3,,
4260.SR, بدجت السعودية , تداول , 74.10 ,-5.12%, 98.60 , 69.50 ," 5,273,450,247 ",04/03/2010, 17.44 , 9.79 ," 310,991,000 ",12%, 2.68 ,43%,2678%, 65.73 ,14%,-1%,1.96%,34.19%,-100.00%,3,,
3003.SR, أسمنت المدينة , تداول , 20.56 ,-1.91%, 21.88 , 16.82 ," 2,878,400,000 ",15/10/2012, 19.96 , 12.39 ," 144,119,933 ",76%, 5.53 ,46%,143%, 12.92 ,8%,7%,2.43%,87.43%,-0.01%,3,,
4280.SR, المملكة , تداول , 8.88 ,12.69%, 11.78 , 6.82 ," 32,908,234,824 ",04/03/2010, 26.91 , 22.20 ," 1,236,970,000 ",22%, 13.78 ,-12%,474%, 14.08 ,3%,5%,3.15%,83.88%,-3.90%,3,,
1010.SR, الرياض , تداول , 31.55 ,3.78%, 33.20 , 23.88 ," 94,492,250,000 ",31/03/2012, 10.48 , 8.67 ," 9,321,894,000 ",16%, 4.63 ,24%,239%, سالب ,16%,3%,5.39%,49.61%,24.17%,3,,
9603.SR, الأفق التعليمية , نمو , 80.00 ,0.00%, 95.00 , 51.80 ," 200,000,000 ",02/06/2024, 17.62 , غير متوفر , Unavailable ,15%, 4.67 ,14%,22%, 16.93 ,18%,0%,3.75%,0.00%,-100.00%,3,,
2280.SR, المراعي , تداول , 53.40 ,-4.13%, 61.50 , 50.60 ," 53,400,000,000 ",04/03/2010, 22.72 , غير متوفر ," 2,352,067,000 ",13%, 2.51 ,7%,32%, 76.32 ,13%,9%,1.87%,41.96%,0.27%,2,,
1322.SR, أماك , تداول , 58.50 ,-0.68%, 75.50 , 46.80 ," 5,159,462,432 ",05/04/2022, 25.00 , 24.07 ," 177,898,745 ",226%, 6.61 ,60%,194%, 50.88 ,15%,17%,3.56%,77.10%,-100.00%,2,,
9535.SR, لدن , نمو , 3.33 ,-20.71%, 7.30 , 2.80 ," 1,665,000,000 ",19/06/2022, 25.62 , غير متوفر ," 68,621,702 ",82%, 1.60 ,63%,-421%, سالب ,8%,5%,1.20%,39.58%,-100.00%,2,,
1212.SR, أسترا الصناعية , تداول , 147.20 ,-8.11%, 207.00 , 125.60 ," 11,776,000,000 ",04/03/2010, 21.27 , 14.72 ," 589,340,930 ",24%, 3.83 ,7%,-20%, 26.55 ,25%,18%,3.74%,0.00%,-0.15%,2,,
4090.SR, طيبة , تداول , 42.65 ,-10.59%, 51.50 , 36.80 ," 11,108,533,700 ",04/03/2010, 33.32 , 62.38 ," 348,405,866 ",203%, 8.39 ,145%,124%, 45.73 ,5%,0%,1.52%,48.74%,-100.00%,2,,
9515.SR, فش فاش , نمو , 12.48 ,-10.47%, 18.00 , 10.02 ," 141,024,000 ",10/10/2021, 43.03 , غير متوفر ," 3,231,378 ",65%, 3.96 ,8%,-95%, 72.00 ,22%,33%,1.44%,62.95%,49.99%,2,,
2382.SR, أديس , تداول , 15.34 ,-5.43%, 21.98 , 13.80 ," 16,888,350,570 ",11/10/2023, 21.01 , غير متوفر ," 802,498,000 ",82%, 2.72 ,43%,135%, 63.88 ,13%,8%,2.84%,0.00%,3369.75%,2,,
4100.SR, مكة , تداول , 107.80 ,-2.00%, 114.60 , 74.00 ," 21,560,000,000 ",03/03/2010, 52.59 , غير متوفر ," 410,651,329 ",23%, 25.80 ,14%,-13%, 72.95 ,9%,12%,1.15%,59.57%,24.62%,2,,
8010.SR, التعاونية , تداول , 137.60 ,-3.23%, 171.40 , 119.00 ," 20,604,478,285 ",04/03/2010, 20.15 , غير متوفر ," 1,022,025,000 ",66%, 1.15 ,19%,60%, 8.57 ,24%,0%,0.73%,0.00%,18.96%,2,,
9578.SR, مصاعد أطلس , نمو , 19.56 ,-6.68%, 23.88 , 15.54 ," 117,360,000 ",04/10/2023, 13.31 , غير متوفر ," 8,841,500 ",5%, 1.44 ,-8%,1578%," 1,322.99 ",9%,1%,2.56%,67.86%,112.04%,2,,
4291.SR, الوطنية للتعليم , تداول , 154.20 ,-2.41%, 244.40 , 138.20 ," 6,630,600,000 ",18/11/2018, 54.88 , 29.71 ," 171,003,661 ",55%, 10.84 ,27%,0%, 82.54 ,22%,29%,1.36%,41.49%,0.00%,2,,
4143.SR, تالكو , تداول , 47.20 ,-0.63%, 73.50 , 39.95 ," 1,888,000,000 ",13/06/2024, غير متوفر , غير متوفر ," 81,532,180 ",3%, 2.67 ,4%,13%, 28.74 ,16%,15%,3.18%,73.59%,36.74%,2,,
9536.SR, فاديكو , نمو , 79.00 ,-7.06%, 101.60 , 68.00 ," 111,390,000 ",21/06/2022, 16.09 , غير متوفر ," 6,927,752 ",59%, 2.45 ,7%,125%, 55.65 ,15%,10%,1.90%,18.01%,-19.95%,2,,
2080.SR, الغاز , تداول , 90.30 ,-5.45%, 117.20 , 80.00 ," 6,772,500,000 ",04/03/2010, 27.20 , غير متوفر ," 248,749,238 ",9%, 2.36 ,16%,-221%, سالب ,13%,7%,2.44%,64.42%,112.62%,2,,
4161.SR, بن داود , تداول , 6.25 ,3.65%, 9.51 , 5.55 ," 7,131,250,000 ",19/04/2021, 26.04 , 15.63 ," 268,876,108 ",-2%, 1.26 ,1%,28%, 10.26 ,19%,11%,3.20%,84.89%,-0.07%,2,,
2020.SR, سابك للمغذيات الزراعية , تداول , 103.60 ,-1.15%, 122.60 , 96.50 ," 49,317,267,440 ",04/03/2010, 14.82 , 13.34 ," 3,327,172,000 ",-9%, 4.46 ,0%,-30%, 14.46 ,18%,16%,5.79%,85.72%,-45.31%,2,,
4261.SR, ذيب , تداول , 67.50 ,-1.75%, 81.50 , 59.20 ," 2,902,500,000 ",23/05/2022, 15.88 , 10.21 ," 182,706,083 ",29%, 2.30 ,15%,49%, سالب ,23%,12%,3.13%,45.42%,6.04%,2,,
4164.SR, النهدي , تداول , 114.00 ,-0.52%, 139.00 , 106.00 ," 14,820,000,000 ",18/04/2022, 18.04 , غير متوفر ," 820,723,624 ",-8%, 1.57 ,8%,12%, 13.27 ,33%,19%,4.82%,87.12%,0.00%,2,,
4002.SR, المواساة , تداول , 74.00 ,1.79%, 139.00 , 65.60 ," 14,800,000,000 ",22/02/2010, 22.91 , 13.96 ," 645,759,043 ",-2%, 5.14 ,6%,56%, 18.47 ,19%,15%,2.36%,54.20%,16.94%,2,,
2082.SR, أكوا باور , تداول , 330.00 ,0.00%, 500.80 , 291.60 ," 241,616,347,500 ",19/12/2021, 138.08 , 54.10 ," 1,757,057,000 ",6%, 37.75 ,3%,-167%, سالب ,9%,4%,0.14%,22.92%,-36.20%,2,,
1111.SR, مجموعة تداول , تداول , 194.40 ,-7.25%, 275.60 , 177.40 ," 23,328,000,000 ",12/12/2021, 37.53 , 31.72 ," 621,842,981 ",59%, 15.73 ,35%,62%, 56.73 ,19%,14%,1.18%,44.38%,-0.42%,2,,
7040.SR, قو للإتصالات , تداول , 95.10 ,5.67%, 126.20 , 77.20 ," 3,233,382,882 ",03/03/2010, 18.32 , غير متوفر ," 178,662,298 ",358%, 2.40 ,61%,10533%, 19.81 ,28%,18%,0.32%,0.00%,0.00%,2,,
4349.SR, الإنماء ريت الفندقي , تداول , 8.38 ,1.70%, 8.80 , 7.80 ," 854,777,598 ",01/02/2023, غير متوفر , غير متوفر ," 48,846,838 ",0%, 11.32 ,0%,0%, 13.70 ,5%,4%,7.64%,133.64%,0.00%,2,,
8210.SR, بوبا العربية , تداول , 167.00 ,-2.91%, 284.60 , 150.40 ," 24,932,220,244 ",04/03/2010, 21.41 , 17.10 ," 1,166,002,000 ",24%, 1.32 ,14%,-41%, 18.87 ,23%,0%,2.40%,0.00%,10.97%,2,,
3060.SR, أسمنت ينبع , تداول , 22.38 ,-1.84%, 29.95 , 21.20 ," 3,524,850,000 ",03/03/2010, 22.38 , 22.38 ," 157,120,485 ",31%, 4.02 ,12%,647%, 18.25 ,6%,7%,5.59%,124.77%,-16.67%,2,,
2250.SR, المجموعة السعودية , تداول , 15.18 ,0.13%, 23.50 , 13.80 ," 11,457,864,000 ",03/03/2010, 56.22 , 12.40 ," 201,243,000 ",79%, -   ,0%,1717%, 14.70 ,2%,1%,3.29%,374.82%,98.41%,2,,
9562.SR, بوابة الأطعمة , نمو , 62.00 ,3.51%, 64.00 , 51.40 ," 130,200,000 ",05/04/2023, 15.94 , غير متوفر ," 6,924,876 ",1%, 2.78 ,-4%,-49%, 16.73 ,11%,10%,1.61%,38.84%,0.00%,2,,
9550.SR, شور , نمو , 86.50 ,-1.70%, 101.80 , 60.00 ," 653,107,005 ",24/01/2023, 22.94 , غير متوفر ," 36,791,424 ",19%, 2.92 ,-6%,-30%, 48.99 ,26%,25%,1.73%,35.44%,0.00%,2,,
4340.SR, الراجحي ريت , تداول , 8.43 ,2.80%, 8.80 , 8.03 ," 2,323,371,056 ",20/03/2018, 16.53 , غير متوفر ," 214,677,137 ",-52%, 7.92 ,21%,-10%, 10.45 ,8%,0%,6.47%,92.60%,-11.70%,2,,
4332.SR, جدوى ريت الحرمين , تداول , 6.27 ,3.98%, 6.98 , 5.77 ," 413,820,000 ",30/09/2021, 15.68 , غير متوفر ," 26,366,732 ",314%, 10.05 ,65%,-239%, سالب ,5%,0%,3.19%,32.54%,0.00%,2,,
4190.SR, جرير , تداول , 12.64 ,0.80%, 14.10 , 12.32 ," 15,168,000,000 ",03/03/2010, 15.60 , غير متوفر ," 973,955,000 ",0%, 1.40 ,2%,63%, 14.43 ,57%,37%,6.57%,102.26%,0.61%,2,,
9575.SR, ماربل ديزاين , نمو , 76.70 ,-1.03%, 95.00 , 70.00 ," 460,200,000 ",08/08/2023, 22.96 , غير متوفر ," 20,064,877 ",-3%, 9.07 ,-7%,41%, 24.11 ,20%,19%,4.43%,101.67%,-51.43%,2,,
9591.SR, فيو , نمو , 7.12 ,3.19%, 10.70 , 6.31 ," 234,960,000 ",13/12/2023, 12.49 , غير متوفر ," 6,445,010 ",7%, 3.34 ,4%,1100%, سالب ,22%,-84%,4.21%,4.60%,-5.77%,2,,
9556.SR, -   , -   , 24.10 ,4.78%, 26.70 , 16.80 ," 1,147,965,808 ",12/01/2023, 22.31 , غير متوفر ," 47,757,068 ",21%, 4.49 ,18%,-13%, 25.83 ,31%,18%,0.83%,0.00%,100.40%,2,,
2300.SR, صناعة الورق , تداول , 63.20 ,14.08%, 83.80 , 48.30 ," 2,342,824,000 ",04/03/2010, 22.57 , 16.72 ," 103,665,685 ",56%, 2.78 ,17%,-58%, سالب ,21%,17%,1.91%,42.94%,0.00%,2,,
4013.SR, سليمان الحبيب , تداول , 283.60 ,5.04%, 321.00 , 256.00 ," 99,260,000,000 ",17/03/2020, 42.90 , غير متوفر ," 2,315,287,109 ",13%, 8.86 ,18%,-182%, سالب ,34%,14%,2.12%,70.90%,14.39%,2,,
4322.SR, رتال , تداول , 16.96 ,1.56%, 18.24 , 8.76 ," 8,467,183,701 ",03/07/2022, 32.00 , 13.57 ," 266,125,914 ",32%, 4.10 ,51%,80%, سالب ,34%,19%,1.89%,60.12%,-20.00%,2,,
9517.SR, موبي للصناعة , نمو , 14.00 ,-11.62%, 16.98 , 10.00 ," 700,000,000 ",21/09/2021, 20.29 , غير متوفر ," 20,726,400 ",118%, 4.52 ,4%,540%, 22.14 ,30%,18%,2.14%,180.93%,150.00%,2,,
9580.SR, الراشد للصناعة , نمو , 50.50 ,-4.72%, 60.10 , 30.40 ," 404,000,000 ",12/09/2023, 13.25 , غير متوفر ," 25,038,671 ",29%, 2.85 ,16%,1%, 16.08 ,20%,21%,1.98%,0.00%,-25.00%,2,,
3020.SR, أسمنت اليمامة , تداول , 36.95 ,-3.02%, 40.55 , 28.80 ," 7,482,375,000 ",03/03/2010, 17.76 , 13.69 ," 420,705,960 ",38%, 6.38 ,25%,-106%, سالب ,9%,6%,2.71%,47.56%,-2.22%,1,,
9537.SR, أمواج الدولية , نمو , 40.35 ,-5.06%, 53.50 , 35.10 ," 242,100,000 ",21/07/2022, 24.31 , غير متوفر ," 9,958,486 ",-45%, 1.04 ,-7%,125%, 4.23 ,5%,6%,2.48%,63.78%,0.00%,1,,
9542.SR, كير , نمو , 4.23 ,-4.94%, 6.75 , 3.30 ," 507,600,000 ",21/07/2022, 26.44 , غير متوفر ," 19,039,463 ",-53%, 1.84 ,22%,62%, 13.04 ,8%,8%,1.77%,24.49%,-62.72%,1,,
9546.SR, نبع الصحة , نمو , 66.40 ,-13.54%, 118.80 , 64.00 ," 697,200,000 ",13/09/2022, 18.50 , غير متوفر ," 37,656,710 ",95%, 4.76 ,41%,-150%, سالب ,13%,9%,0.45%,4.14%,0.00%,1,,
1834.SR, سماسكو , تداول , 6.60 ,4.27%, 11.36 , 5.35 ," 2,640,000,000 ",12/06/2024, غير متوفر , 10.15 ," 126,423,800 ",-24%, 1.39 ,4%,-21%, 23.75 ,22%,0%,3.79%,0.00%,-100.00%,0,,
4323.SR, سمو , تداول , 43.45 ,-7.94%, 62.50 , 37.00 ," 2,172,500,000 ",01/07/2021, 20.21 , غير متوفر ," 106,604,000 ",3%, 5.06 ,57%,-56%, 31.73 ,19%,0%,2.30%,0.00%,-100.00%,1,,
9570.SR, تام التنموية , نمو , 160.00 ,-8.47%, 233.00 , 146.00 ," 527,040,000 ",14/06/2023, 11.15 , 7.05 ," 57,746,847 ",45%, 1.72 ,28%,-109%, سالب ,46%,38%,0.77%,16.75%,88.53%,1,,
9549.SR, البابطين الغذائية , نمو , 37.00 ,-15.91%, 53.20 , 37.00 ," 125,800,000 ",01/11/2022, 18.41 , غير متوفر ," 8,831,600 ",-60%, 0.73 ,14%,47%, 10.06 ,12%,8%,1.35%,22.84%,-50.00%,1,,
2310.SR, سبكيم العالمية , تداول , 19.10 ,-5.91%, 34.55 , 18.24 ," 13,846,226,030 ",03/03/2010, 32.93 , غير متوفر ," 426,139,000 ",-64%, 1.96 ,-7%,-56%, 21.63 ,3%,6%,5.24%,170.16%,-50.57%,1,,
9594.SR, المداواة , نمو , 17.64 ,6.91%, 18.00 , 12.02 ," 418,950,000 ",25/02/2024, 39.20 , غير متوفر ," 10,822,060 ",80%, 5.63 ,27%,489%, سالب ,18%,14%,40.48%,213.31%,0.00%,1,,
8250.SR, جي آي بي , تداول , 25.95 ,-1.14%, 40.30 , 23.88 ," 1,362,375,000 ",04/03/2010, 13.88 , 8.95 ," 101,497,000 ",-24%, 0.96 ,-8%,-62%, 20.86 ,10%,8862%,5.78%,77.59%,215.00%,1,,
4016.SR, أفالون فارما , تداول , 128.00 ,-3.18%, 156.00 , 107.00 ," 2,560,000,000 ",27/02/2024, غير متوفر , 17.78 ," 79,850,157 ",21%, 6.50 ,16%,-66%, 243.42 ,24%,21%,0.59%,0.00%,-67.54%,1,,
9527.SR, ألف ميم ياء , نمو , 120.60 ,-9.32%, 149.80 , 56.50 ," 844,200,000 ",21/03/2022, 22.29 , غير متوفر ," 47,352,246 ",26%, 3.76 ,16%,353%, سالب ,29%,24%,1.66%,55.03%,14.20%,1,,
4336.SR, ملكية ريت , تداول , 5.52 ,10.18%, 6.02 , 4.60 ," 572,788,265 ",14/03/2018, 42.46 , غير متوفر ," 16,234,097 ",-11034%, 4.97 ,20%,-195%, 5.46 ,2%,3%,5.80%,300.01%,-34.97%,1,,
4330.SR, الرياض ريت , تداول , 6.14 ,-0.81%, 8.00 , 5.82 ," 1,054,220,194 ",13/11/2016, غير متوفر , غير متوفر ," (7,289,406)",-76%, 3.90 ,23%,42%, 8.46 ,-1%,0%,5.05%,حققت خسائر,-45.06%,1,,
2222.SR, أرامكو السعودية , تداول , 25.75 ,-0.19%, 30.25 , 24.60 ," 6,227,758,525,000 ",11/12/2019, 15.80 , 14.66 ," 393,891,000,000 ",-13%, 3.46 ,-3%,-16%, 19.46 ,26%,18%,6.90%,118.29%,25.96%,1,,
4335.SR, مشاركة ريت , تداول , 4.84 ,7.56%, 5.35 , 4.05 ," 425,920,000 ",01/10/2017, غير متوفر , غير متوفر ," (23,541,082)",-177%, 3.91 ,6%,-88%, 21.97 ,-3%,2%,4.96%,حققت خسائر,-55.00%,1,,
4345.SR, الإنماء ريت للتجزئة , تداول , 4.67 ,2.41%, 5.16 , 4.33 ," 551,060,000 ",06/08/2018, غير متوفر , غير متوفر ," (70,206,914)",-184%, 12.51 ,6%,190%, 15.30 ,-9%,0%,6.85%,حققت خسائر,16.62%,1,,
1831.SR, مهارة , تداول , 5.72 ,-3.05%, 7.70 , 4.96 ," 2,559,700,000 ",19/06/2019, 20.43 , غير متوفر ," 122,185,551 ",-37%, 1.15 ,12%,3%, 115.86 ,21%,16%,2.62%,51.18%,-32.31%,1,,
4030.SR, البحري , تداول , 29.95 ,-4.01%, 32.50 , 24.96 ," 22,111,523,438 ",04/03/2010, 10.19 , 37.44 ," 2,169,392,000 ",34%, 2.33 ,8%,-201%, سالب ,17%,13%,1.84%,18.72%,65.00%,1,,
7030.SR, زين السعودية , تداول , 12.92 ,18.10%, 13.36 , 10.14 ," 11,611,581,264 ",04/03/2010, 19.58 , 12.92 ," 596,368,000 ",-53%, 1.12 ,5%,632%, 9.87 ,6%,7%,3.87%,75.14%,0.00%,1,,
2223.SR, لوبريف , تداول , 100.40 ,-1.57%, 153.00 , 92.10 ," 16,892,807,020 ",28/12/2022, 17.37 , 13.32 ," 972,028,000 ",-36%, 1.68 ,6%,-24%, 10.63 ,22%,17%,6.65%,148.86%,-14.04%,1,,
3050.SR, أسمنت الجنوب , تداول , 31.65 ,0.16%, 40.20 , 29.65 ," 4,431,000,000 ",04/03/2010, 18.19 , 14.45 ," 243,746,336 ",25%, 4.74 ,-13%,-554%, سالب ,7%,8%,3.63%,78.62%,59.08%,1,,
9539.SR, أقاسيم , نمو , 7.40 ,-26.73%, 12.88 , 5.00 ," 185,000,000 ",31/05/2022, 19.47 , غير متوفر ," 9,374,792 ",68%, 1.09 ,7%,-831%, سالب ,16%,17%,2.70%,0.00%,0.00%,0,,
4050.SR, ساسكو , تداول , 62.90 ,-5.13%, 91.40 , 48.40 ," 4,403,000,000 ",04/03/2010, 99.84 , غير متوفر ," 44,212,614 ",-58%, 0.43 ,12%,-14%, 15.51 ,5%,0%,1.42%,141.44%,-100.00%,0,,
9571.SR, مناولة , نمو , 57.50 ,-10.85%, 86.00 , 55.00 ," 115,000,000 ",11/09/2023, 23.19 , غير متوفر ," 3,938,147 ",-49%, 0.98 ,-15%,-1%, 13.59 ,0%,0%,1.30%,0.00%,-100.00%,0,,
9598.SR, المحافظة للتعليم , نمو , 23.10 ,-12.83%, 29.20 , 18.00 ," 184,800,000 ",26/03/2024, 17.63 , غير متوفر , Unavailable ,47%, 6.35 ,11%,-252%, سالب ,10%,6%,2.16%,0.00%,0.00%,0,,
5110.SR, كهرباء السعودية , تداول , 15.06 ,-5.28%, 19.80 , 13.96 ," 62,748,902,613 ",03/03/2010, غير متوفر , 10.68 ," 6,866,943,000 ",-33%, 0.71 ,18%,-9273%, سالب ,3%,3%,4.65%,42.54%,1.58%,0,,
6014.SR, الىمار , تداول , 71.30 ,0.00%, 95.90 , 65.00 ," 1,803,996,950 ",23/08/2022, 47.22 , غير متوفر ," 38,335,348 ",-34%, 2.02 ,-10%,-46%, 24.56 ,13%,8%,2.95%,125.81%,-29.57%,0,,
3007.SR, الواحة , تداول , 29.85 ,-0.17%, 54.30 , 26.30 ," 671,625,000 ",17/09/2017, 28.70 , غير متوفر ," 12,077,389 ",-64%, 1.23 ,-5%,127%, 7.80 ,4%,0%,4.52%,251.50%,-100.00%,0,,
2281.SR, تنمية , تداول , 108.20 ,-9.08%, 152.00 , 103.80 ," 2,164,000,000 ",01/12/2021, 22.59 , 13.05 ," 95,822,173 ",26%, 0.84 ,22%,-90%, سالب ,15%,7%,1.76%,0.00%,-35.85%,0,,
4005.SR, رعاية , تداول , 146.80 ,-7.09%, 227.60 , 139.20 ," 6,560,492,000 ",13/03/2013, 22.04 , 11.91 ," 298,163,301 ",24%, 5.07 ,20%,-102%, سالب ,19%,13%,1.36%,0.00%,100.00%,0,,
4014.SR, دار المعدات , تداول , 40.20 ,-6.18%, 59.70 , 34.70 ," 1,206,000,000 ",08/03/2022, 28.31 , 16.75 ," 24,608,000 ",-39%, 1.37 ,10%,284%, 4.32 ,5%,0%,2.49%,0.00%,0.00%,0,,
2083.SR, مرافق , تداول , 46.00 ,8.24%, 67.90 , 40.60 ," 11,500,000,000 ",28/11/2022, 657.14 , 9.65 ," 17,150,000 ",-97%, 1.67 ,8%,152%, 6.06 ,0%,2%,0.76%,2113.31%,-34.41%,0,,
4331.SR, الجزيرة ريت , تداول , 15.26 ,5.68%, 18.38 , 13.04 ," 180,068,000 ",15/02/2017, 19.32 , غير متوفر ," 11,455,225 ",-34%, 28.38 ,-1%,22%, 44.69 ,10%,5%,2.62%,42.94%,16.49%,0,,
8012.SR, جزيرة تكافل , تداول , 14.28 ,-0.42%, 20.30 , 12.50 ," 942,480,000 ",24/06/2014, 26.44 , غير متوفر ," 37,203,000 ",-16%, 2.30 ,3%,742%, 11.88 ,4%,13117%,2.10%,0.00%,0.00%,0,,
1301.SR, أسلاك , تداول , 24.72 ,-1.12%, 35.75 , 21.80 ," 694,137,600 ",17/01/2012, 22.89 , غير متوفر ," 16,218,709 ",-21%, 0.98 ,-11%,669%, 8.78 ,4%,0%,3.03%,0.00%,-100.00%,0,,
3004.SR, أسمنت الشمالية , تداول , 8.79 ,-1.90%, 10.10 , 8.28 ," 1,582,200,000 ",06/02/2013, 15.70 , 9.88 ," 100,799,650 ",79%, 2.54 ,-10%,-121%, سالب ,4%,3%,2.84%,89.29%,100.00%,0,,
9516.SR, غاز , نمو , 48.50 ,-3.00%, 70.00 , 41.70 ," 242,500,000 ",26/05/2022, 80.83 , غير متوفر ," 4,469,700 ",0%, 2.45 ,2%,106%, 404.98 ,6%,6%,1.03%,0.00%,0.00%,0,,
4338.SR, الأهلي ريت 1 , تداول , 7.12 ,-0.97%, 8.40 , 6.80 ," 979,000,000 ",21/01/2018, 29.67 , غير متوفر ," 33,238,000 ",-39%, 5.37 ,-1%,22%, 45.84 ,3%,4%,7.02%,310.26%,-21.43%,0,,
2282.SR, نقي , تداول , 55.30 ,-4.49%, 72.50 , 51.50 ," 1,106,000,000 ",17/08/2022, 36.14 , غير متوفر ," 31,386,171 ",-12%, 4.83 ,-13%,-45%, 68.54 ,12%,12%,0.90%,31.86%,300.00%,0,,
9569.SR, آل منيف , نمو , 6.95 ,-0.71%, 8.68 , 4.80 ," 264,100,000 ",07/06/2023, 15.44 , غير متوفر ," 20,815,444 ",-15%, 1.12 ,-23%,731%, 55.10 ,18%,17%,2.88%,12.90%,0.00%,0,,
9563.SR, بناء , نمو , 41.40 ,7.12%, 41.40 , 25.42 ," 248,400,000 ",22/03/2023, غير متوفر , غير متوفر ," 4,631,769 ",-37%, 0.65 ,9%,-251%, 10.32 ,6%,7%,1.81%,0.00%,-95.87%,0,,
1302.SR, بوان , تداول , 54.80 ,17.34%, 63.50 , 37.35 ," 3,288,000,000 ",24/06/2014, 30.96 , 22.83 ," 106,032,000 ",-22%, 1.09 ,-10%,-76%, 73.81 ,12%,7%,1.09%,82.06%,11.55%,0,,
4320.SR, الأندلس , تداول , 22.28 ,-2.11%, 28.50 , 19.68 ," 2,079,465,924 ",12/01/2016, غير متوفر , غير متوفر ," (31,602,189)",-187%, 8.08 ,10%,-6%, 18.12 ,-3%,1%,1.12%,حققت خسائر,-49.79%,-1,,
6015.SR, أمريكانا , تداول , 2.20 ,6.28%, 3.48 , 1.78 ," 4,930,031,166 ",20/12/2022, 31.43 , غير متوفر ," 158,759,000 ",-39%, 2.24 ,-9%,-21%, 15.98 ,41%,16%,3.65%,113.02%,73.70%,-1,,
1320.SR, أنابيب السعودية , تداول , 54.00 ,-12.90%, 87.20 , 48.40 ," 2,729,284,794 ",04/03/2010, 12.80 , 11.27 ," 200,844,978 ",4%, 1.67 ,22%,-102%, سالب ,25%,16%,1.37%,0.00%,0.00%,-1,,
9552.SR, قمة السعودية , نمو , 7.22 ,-10.86%, 8.89 , 5.70 ," 288,800,000 ",25/12/2022, 72.20 , غير متوفر ," 4,028,998 ",-87%, 1.94 ,-24%,-113%, 61.48 ,6%,5%,8.31%,178.70%,260.00%,-1,,
9518.SR, المركز الكندي الطبي , نمو , 6.14 ,-9.71%, 8.37 , 5.36 ," 472,780,000 ",18/08/2021, 43.86 , غير متوفر ," 11,078,908 ",0%, 4.45 ,24%,-43%, 71.46 ,12%,14%,1.47%,132.05%,-50.00%,-1,,
8170.SR, الاتحاد , تداول , 15.22 ,3.40%, 26.06 , 12.50 ," 761,000,000 ",04/03/2010, 9.51 , غير متوفر ," 49,134,000 ",-48%, 0.53 ,16%,-227%, سالب ,7%,41%,3.55%,54.95%,0.00%,-1,,
4292.SR, عطاء , تداول , 68.80 ,2.84%, 83.80 , 55.70 ," 2,895,600,392 ",31/07/2019, 41.20 , غير متوفر ," 70,263,968 ",-7%, 4.39 ,2%,-63%, 28.32 ,9%,6%,1.82%,143.67%,10.00%,-1,,
2381.SR, الحفر العربية , تداول , 87.10 ,-6.04%, 156.20 , 79.90 ," 7,751,900,000 ",09/11/2022, 24.13 , 10.08 ," 321,364,403 ",-47%, 2.14 ,4%,67%, سالب ,5%,8%,3.10%,107.30%,53.14%,-2,,
7200.SR, ام آي اس , تداول , 131.00 ,0.77%, 207.00 , 118.00 ," 3,930,000,000 ",24/04/2019, 31.57 , غير متوفر ," 119,776,024 ",-85%, 3.15 ,85%,-147%, سالب ,32%,7%,2.44%,0.00%,32.98%,-2,,
9545.SR, الدولية , نمو , 6.27 ,2.62%, 6.70 , 3.83 ," 313,500,000 ",22/08/2022, 69.67 , غير متوفر ," 3,936,544 ",-41%, 2.23 ,45%,146%, سالب ,9%,8%,0.40%,0.00%,-100.00%,-2,,
4011.SR, لازوردي , تداول , 13.64 ,6.56%, 16.66 , 11.60 ," 784,300,000 ",29/06/2016, 64.95 , 17.95 ," 11,700,333 ",-62%, 0.37 ,10%,17%, سالب ,4%,30%,2.20%,153.31%,-5.34%,-3,,
4082.SR, مرنة , تداول , 11.16 ,-3.79%, 12.18 , 9.90 ," 797,142,841 ",21/06/2023, 69.75 , غير متوفر ," 16,558,232 ",-31%, 4.09 ,5%,-13%, سالب ,2%,0%,3.14%,147.66%,0.00%,-3,,
9628.SR, لمسات , نمو ,,,,,,,,,,,,,,,,,,,,,,